ticket_id,title,title_clean,description,description_clean,category,component,issue_type,severity,status,resolution,resolution_clean,error_codes,quality_score,embedding_text,source,unified_id
ITS-00001,Active Directory problem: new hire needs account setup,Active Directory problem: new hire needs account setup,The Active Directory has been new hire needs account setup for the past few hours. OS: Windows 10. Please help.,The Active Directory has been new hire needs account setup for the past few hours. OS: Windows 10. Please help.,Account,Active Directory,Question,Medium,Resolved,Re-enrolled MFA device. Verified with user that issue is fixed.,Re-enrolled MFA device. Verified with user that issue is fixed.,[],1.0,"Title: Active Directory problem: new hire needs account setup
Description: The Active Directory has been new hire needs account setup for the past few hours. OS: Windows 10. Please help.
Category: Account
Component: Active Directory
Severity: Medium",synthetic,U-000000
ITS-00002,[Hardware] Monitor - fan making loud noise,[Hardware] Monitor - fan making loud noise,My Monitor is fan making loud noise. I've been experiencing this since this morning. Environment: macOS 14.,My Monitor is fan making loud noise. I've been experiencing this since this morning. Environment: macOS 14.,Hardware,Monitor,Question,Medium,In Progress,,,[],1.0,"Title: [Hardware] Monitor - fan making loud noise
Description: My Monitor is fan making loud noise. I've been experiencing this since this morning. Environment: macOS 14.
Category: Hardware
Component: Monitor
Severity: Medium",synthetic,U-000001
ITS-00003,[Software] Teams - error code 0x80070005,[Software] Teams - error code [HEX],My Teams is error code 0x80070005. I've been experiencing this since this morning. Environment: macOS 14.,My Teams is error code [HEX]. I've been experiencing this since this morning. Environment: macOS 14.,Software,Teams,Question,Low,In Progress,,,"[""0x80070005"", ""0""]",1.0,"Title: [Software] Teams - error code [HEX]
Description: My Teams is error code [HEX]. I've been experiencing this since this morning. Environment: macOS 14.
Category: Software
Component: Teams
Severity: Low",synthetic,U-000002
ITS-00004,[Software] Antivirus - compatibility issue,[Software] Antivirus - compatibility issue,"Hi, I need help. Antivirus keeps compatibility issue. Started yesterday. I'm on macOS 14.","Hi, I need help. Antivirus keeps compatibility issue. Started yesterday. I'm on macOS 14.",Software,Antivirus,Service Request,Low,In Progress,,,[],1.0,"Title: [Software] Antivirus - compatibility issue
Description: Hi, I need help. Antivirus keeps compatibility issue. Started yesterday. I'm on macOS 14.
Category: Software
Component: Antivirus
Severity: Low",synthetic,U-000003
ITS-00005,[Network] Firewall - slow internet speed,[Network] Firewall - slow internet speed,Urgent: Firewall - slow internet speed. Multiple users reporting similar issues. Environment is Windows 11.,Urgent: Firewall - slow internet speed. Multiple users reporting similar issues. Environment is Windows 11.,Network,Firewall,Bug,Medium,Open,,,[],1.0,"Title: [Network] Firewall - slow internet speed
Description: Urgent: Firewall - slow internet speed. Multiple users reporting similar issues. Environment is Windows 11.
Category: Network
Component: Firewall
Severity: Medium",synthetic,U-000004
ITS-00006,[Network] Firewall - intermittent disconnections,[Network] Firewall - intermittent disconnections,"Hi, I need help. Firewall keeps intermittent disconnections. Started yesterday. I'm on Windows 11.","Hi, I need help. Firewall keeps intermittent disconnections. Started yesterday. I'm on Windows 11.",Network,Firewall,Service Request,Low,Closed,Replaced network cable. Verified with user that issue is fixed.,Replaced network cable. Verified with user that issue is fixed.,[],1.0,"Title: [Network] Firewall - intermittent disconnections
Description: Hi, I need help. Firewall keeps intermittent disconnections. Started yesterday. I'm on Windows 11.
Category: Network
Component: Firewall
Severity: Low",synthetic,U-000005
ITS-00007,[Network] Firewall - cannot access internal resources,[Network] Firewall - cannot access internal resources,The Firewall has been cannot access internal resources for the past few hours. OS: Chrome OS. Please help.,The Firewall has been cannot access internal resources for the past few hours. OS: Chrome OS. Please help.,Network,Firewall,Question,Medium,In Progress,,,[],1.0,"Title: [Network] Firewall - cannot access internal resources
Description: The Firewall has been cannot access internal resources for the past few hours. OS: Chrome OS. Please help.
Category: Network
Component: Firewall
Severity: Medium",synthetic,U-000006
ITS-00008,Keyboard not connecting to docking station,Keyboard not connecting to docking station,The Keyboard has been not connecting to docking station for the past few hours. OS: Windows 10. Please help.,The Keyboard has been not connecting to docking station for the past few hours. OS: Windows 10. Please help.,Hardware,Keyboard,Question,Medium,In Progress,,,[],1.0,"Title: Keyboard not connecting to docking station
Description: The Keyboard has been not connecting to docking station for the past few hours. OS: Windows 10. Please help.
Category: Hardware
Component: Keyboard
Severity: Medium",synthetic,U-000007
ITS-00009,Teams problem: plugin not working,Teams problem: plugin not working,My Teams is plugin not working. I've been experiencing this since this morning. Environment: Ubuntu 22.04.,My Teams is plugin not working. I've been experiencing this since this morning. Environment: Ubuntu 22.04.,Software,Teams,Service Request,Low,Open,,,[],1.0,"Title: Teams problem: plugin not working
Description: My Teams is plugin not working. I've been experiencing this since this morning. Environment: Ubuntu 22.04.
Category: Software
Component: Teams
Severity: Low",synthetic,U-000008
ITS-00010,Keyboard problem: fan making loud noise,Keyboard problem: fan making loud noise,Issue with Keyboard: fan making loud noise. This is affecting my work. Running on Windows 10.,Issue with Keyboard: fan making loud noise. This is affecting my work. Running on Windows 10.,Hardware,Keyboard,Question,Medium,Closed,Performed hardware diagnostic. Verified with user that issue is fixed.,Performed hardware diagnostic. Verified with user that issue is fixed.,[],1.0,"Title: Keyboard problem: fan making loud noise
Description: Issue with Keyboard: fan making loud noise. This is affecting my work. Running on Windows 10.
Category: Hardware
Component: Keyboard
Severity: Medium",synthetic,U-000009
ITS-00011,Active Directory problem: group membership change needed,Active Directory problem: group membership change needed,"Hi, I need help. Active Directory keeps group membership change needed. Started yesterday. I'm on Chrome OS.","Hi, I need help. Active Directory keeps group membership change needed. Started yesterday. I'm on Chrome OS.",Account,Active Directory,Question,Low,Closed,Fixed SSO federation config. Verified with user that issue is fixed.,Fixed SSO federation config. Verified with user that issue is fixed.,[],1.0,"Title: Active Directory problem: group membership change needed
Description: Hi, I need help. Active Directory keeps group membership change needed. Started yesterday. I'm on Chrome OS.
Category: Account
Component: Active Directory
Severity: Low",synthetic,U-000010
ITS-00012,Docking Station problem: freezing randomly,Docking Station problem: freezing randomly,Urgent: Docking Station - freezing randomly. Multiple users reporting similar issues. Environment is Ubuntu 22.04.,Urgent: Docking Station - freezing randomly. Multiple users reporting similar issues. Environment is Ubuntu 22.04.,Hardware,Docking Station,Question,Medium,Closed,Replaced faulty component. Verified with user that issue is fixed.,Replaced faulty component. Verified with user that issue is fixed.,[],1.0,"Title: Docking Station problem: freezing randomly
Description: Urgent: Docking Station - freezing randomly. Multiple users reporting similar issues. Environment is Ubuntu 22.04.
Category: Hardware
Component: Docking Station
Severity: Medium",synthetic,U-000011
ITS-00013,Desktop problem: not turning on,Desktop problem: not turning on,Issue with Desktop: not turning on. This is affecting my work. Running on Windows 11.,Issue with Desktop: not turning on. This is affecting my work. Running on Windows 11.,Hardware,Desktop,Bug,Low,Open,,,[],1.0,"Title: Desktop problem: not turning on
Description: Issue with Desktop: not turning on. This is affecting my work. Running on Windows 11.
Category: Hardware
Component: Desktop
Severity: Low",synthetic,U-000012
ITS-00014,[Software] SAP - update failed,[Software] SAP - update failed,"Hi, I need help. SAP keeps update failed. Started yesterday. I'm on Windows 11.","Hi, I need help. SAP keeps update failed. Started yesterday. I'm on Windows 11.",Software,SAP,Question,Medium,Open,,,[],1.0,"Title: [Software] SAP - update failed
Description: Hi, I need help. SAP keeps update failed. Started yesterday. I'm on Windows 11.
Category: Software
Component: SAP
Severity: Medium",synthetic,U-000013
ITS-00015,DNS IP conflict,DNS IP conflict,My DNS is IP conflict. I've been experiencing this since this morning. Environment: macOS 14.,My DNS is IP conflict. I've been experiencing this since this morning. Environment: macOS 14.,Network,DNS,Bug,High,In Progress,,,[],1.0,"Title: DNS IP conflict
Description: My DNS is IP conflict. I've been experiencing this since this morning. Environment: macOS 14.
Category: Network
Component: DNS
Severity: High",synthetic,U-000014
ITS-00016,Storage problem: failover did not trigger,Storage problem: failover did not trigger,My Storage is failover did not trigger. I've been experiencing this since this morning. Environment: macOS 14.,My Storage is failover did not trigger. I've been experiencing this since this morning. Environment: macOS 14.,Incident,Storage,Incident,Low,In Progress,,,[],1.0,"Title: Storage problem: failover did not trigger
Description: My Storage is failover did not trigger. I've been experiencing this since this morning. Environment: macOS 14.
Category: Incident
Component: Storage
Severity: Low",synthetic,U-000015
ITS-00017,[Incident] Load Balancer - data sync failure between systems,[Incident] Load Balancer - data sync failure between systems,"Hi, I need help. Load Balancer keeps data sync failure between systems. Started yesterday. I'm on Ubuntu 22.04.","Hi, I need help. Load Balancer keeps data sync failure between systems. Started yesterday. I'm on Ubuntu 22.04.",Incident,Load Balancer,Incident,High,In Progress,,,[],1.0,"Title: [Incident] Load Balancer - data sync failure between systems
Description: Hi, I need help. Load Balancer keeps data sync failure between systems. Started yesterday. I'm on Ubuntu 22.04.
Category: Incident
Component: Load Balancer
Severity: High",synthetic,U-000016
ITS-00018,SAP compatibility issue,SAP compatibility issue,"Hi, I need help. SAP keeps compatibility issue. Started yesterday. I'm on Windows 10.","Hi, I need help. SAP keeps compatibility issue. Started yesterday. I'm on Windows 10.",Software,SAP,Service Request,High,In Progress,,,[],1.0,"Title: SAP compatibility issue
Description: Hi, I need help. SAP keeps compatibility issue. Started yesterday. I'm on Windows 10.
Category: Software
Component: SAP
Severity: High",synthetic,U-000017
ITS-00019,SAP license expired,SAP license expired,Urgent: SAP - license expired. Multiple users reporting similar issues. Environment is macOS 14.,Urgent: SAP - license expired. Multiple users reporting similar issues. Environment is macOS 14.,Software,SAP,Question,Medium,Resolved,Configured firewall exceptions. Verified with user that issue is fixed.,Configured firewall exceptions. Verified with user that issue is fixed.,[],1.0,"Title: SAP license expired
Description: Urgent: SAP - license expired. Multiple users reporting similar issues. Environment is macOS 14.
Category: Software
Component: SAP
Severity: Medium",synthetic,U-000018
ITS-00020,Proxy problem: IP conflict,Proxy problem: IP conflict,"Hi, I need help. Proxy keeps IP conflict. Started yesterday. I'm on Ubuntu 22.04.","Hi, I need help. Proxy keeps IP conflict. Started yesterday. I'm on Ubuntu 22.04.",Network,Proxy,Service Request,Medium,Open,,,[],1.0,"Title: Proxy problem: IP conflict
Description: Hi, I need help. Proxy keeps IP conflict. Started yesterday. I'm on Ubuntu 22.04.
Category: Network
Component: Proxy
Severity: Medium",synthetic,U-000019
ITS-00021,Email Server degraded performance across region,Email Server degraded performance across region,The Email Server has been degraded performance across region for the past few hours. OS: Windows 11. Please help.,The Email Server has been degraded performance across region for the past few hours. OS: Windows 11. Please help.,Incident,Email Server,Incident,Medium,Open,,,[],1.0,"Title: Email Server degraded performance across region
Description: The Email Server has been degraded performance across region for the past few hours. OS: Windows 11. Please help.
Category: Incident
Component: Email Server
Severity: Medium",synthetic,U-000020
ITS-00022,Laptop problem: fan making loud noise,Laptop problem: fan making loud noise,The Laptop has been fan making loud noise for the past few hours. OS: Windows 11. Please help.,The Laptop has been fan making loud noise for the past few hours. OS: Windows 11. Please help.,Hardware,Laptop,Question,Medium,Closed,Replaced faulty component. Verified with user that issue is fixed.,Replaced faulty component. Verified with user that issue is fixed.,[],1.0,"Title: Laptop problem: fan making loud noise
Description: The Laptop has been fan making loud noise for the past few hours. OS: Windows 11. Please help.
Category: Hardware
Component: Laptop
Severity: Medium",synthetic,U-000021
ITS-00023,[Software] Salesforce - compatibility issue,[Software] Salesforce - compatibility issue,My Salesforce is compatibility issue. I've been experiencing this since this morning. Environment: Windows 10.,My Salesforce is compatibility issue. I've been experiencing this since this morning. Environment: Windows 10.,Software,Salesforce,Service Request,Critical,Closed,Configured firewall exceptions. Verified with user that issue is fixed.,Configured firewall exceptions. Verified with user that issue is fixed.,[],1.0,"Title: [Software] Salesforce - compatibility issue
Description: My Salesforce is compatibility issue. I've been experiencing this since this morning. Environment: Windows 10.
Category: Software
Component: Salesforce
Severity: Critical",synthetic,U-000022
ITS-00024,[Hardware] Mouse - not turning on,[Hardware] Mouse - not turning on,"Hi, I need help. Mouse keeps not turning on. Started yesterday. I'm on Chrome OS.","Hi, I need help. Mouse keeps not turning on. Started yesterday. I'm on Chrome OS.",Hardware,Mouse,Question,Low,Closed,Replaced faulty component. Verified with user that issue is fixed.,Replaced faulty component. Verified with user that issue is fixed.,[],1.0,"Title: [Hardware] Mouse - not turning on
Description: Hi, I need help. Mouse keeps not turning on. Started yesterday. I'm on Chrome OS.
Category: Hardware
Component: Mouse
Severity: Low",synthetic,U-000023
ITS-00025,Docking Station freezing randomly,Docking Station freezing randomly,The Docking Station has been freezing randomly for the past few hours. OS: Windows 10. Please help.,The Docking Station has been freezing randomly for the past few hours. OS: Windows 10. Please help.,Hardware,Docking Station,Service Request,Critical,In Progress,,,[],1.0,"Title: Docking Station freezing randomly
Description: The Docking Station has been freezing randomly for the past few hours. OS: Windows 10. Please help.
Category: Hardware
Component: Docking Station
Severity: Critical",synthetic,U-000024
ITS-00026,Proxy problem: cannot access internal resources,Proxy problem: cannot access internal resources,My Proxy is cannot access internal resources. I've been experiencing this since this morning. Environment: macOS 14.,My Proxy is cannot access internal resources. I've been experiencing this since this morning. Environment: macOS 14.,Network,Proxy,Service Request,Medium,In Progress,,,[],1.0,"Title: Proxy problem: cannot access internal resources
Description: My Proxy is cannot access internal resources. I've been experiencing this since this morning. Environment: macOS 14.
Category: Network
Component: Proxy
Severity: Medium",synthetic,U-000025
ITS-00027,Outlook missing features after update,Outlook missing features after update,The Outlook has been missing features after update for the past few hours. OS: Windows 10. Please help.,The Outlook has been missing features after update for the past few hours. OS: Windows 10. Please help.,Software,Outlook,Question,Medium,In Progress,,,[],1.0,"Title: Outlook missing features after update
Description: The Outlook has been missing features after update for the past few hours. OS: Windows 10. Please help.
Category: Software
Component: Outlook
Severity: Medium",synthetic,U-000026
ITS-00028,Active Directory SSO login loop,Active Directory SSO login loop,Issue with Active Directory: SSO login loop. This is affecting my work. Running on Chrome OS.,Issue with Active Directory: SSO login loop. This is affecting my work. Running on Chrome OS.,Account,Active Directory,Service Request,Low,In Progress,,,[],1.0,"Title: Active Directory SSO login loop
Description: Issue with Active Directory: SSO login loop. This is affecting my work. Running on Chrome OS.
Category: Account
Component: Active Directory
Severity: Low",synthetic,U-000027
ITS-00029,Database problem: unauthorized access attempt detected,Database problem: unauthorized access attempt detected,The Database has been unauthorized access attempt detected for the past few hours. OS: Ubuntu 22.04. Please help.,The Database has been unauthorized access attempt detected for the past few hours. OS: Ubuntu 22.04. Please help.,Incident,Database,Incident,Medium,In Progress,,,[],1.0,"Title: Database problem: unauthorized access attempt detected
Description: The Database has been unauthorized access attempt detected for the past few hours. OS: Ubuntu 22.04. Please help.
Category: Incident
Component: Database
Severity: Medium",synthetic,U-000028
ITS-00030,[Hardware] Keyboard - not turning on,[Hardware] Keyboard - not turning on,"Hi, I need help. Keyboard keeps not turning on. Started yesterday. I'm on Windows 10.","Hi, I need help. Keyboard keeps not turning on. Started yesterday. I'm on Windows 10.",Hardware,Keyboard,Bug,Medium,Open,,,[],1.0,"Title: [Hardware] Keyboard - not turning on
Description: Hi, I need help. Keyboard keeps not turning on. Started yesterday. I'm on Windows 10.
Category: Hardware
Component: Keyboard
Severity: Medium",synthetic,U-000029
ITS-00031,[Hardware] Printer - fan making loud noise,[Hardware] Printer - fan making loud noise,"Hi, I need help. Printer keeps fan making loud noise. Started yesterday. I'm on Chrome OS.","Hi, I need help. Printer keeps fan making loud noise. Started yesterday. I'm on Chrome OS.",Hardware,Printer,Bug,High,Open,,,[],1.0,"Title: [Hardware] Printer - fan making loud noise
Description: Hi, I need help. Printer keeps fan making loud noise. Started yesterday. I'm on Chrome OS.
Category: Hardware
Component: Printer
Severity: High",synthetic,U-000030
ITS-00032,[Network] DNS - VPN connection drops,[Network] DNS - VPN connection drops,My DNS is VPN connection drops. I've been experiencing this since this morning. Environment: Windows 11.,My DNS is VPN connection drops. I've been experiencing this since this morning. Environment: Windows 11.,Network,DNS,Bug,Medium,Resolved,Updated VPN client. Verified with user that issue is fixed.,Updated VPN client. Verified with user that issue is fixed.,[],1.0,"Title: [Network] DNS - VPN connection drops
Description: My DNS is VPN connection drops. I've been experiencing this since this morning. Environment: Windows 11.
Category: Network
Component: DNS
Severity: Medium",synthetic,U-000031
ITS-00033,Web App problem: backup job failed overnight,Web App problem: backup job failed overnight,Issue with Web App: backup job failed overnight. This is affecting my work. Running on macOS 14.,Issue with Web App: backup job failed overnight. This is affecting my work. Running on macOS 14.,Incident,Web App,Incident,Medium,Resolved,Re-ran backup with increased timeout. Verified with user that issue is fixed.,Re-ran backup with increased timeout. Verified with user that issue is fixed.,[],1.0,"Title: Web App problem: backup job failed overnight
Description: Issue with Web App: backup job failed overnight. This is affecting my work. Running on macOS 14.
Category: Incident
Component: Web App
Severity: Medium",synthetic,U-000032
ITS-00034,Docking Station cracked screen,Docking Station cracked screen,Issue with Docking Station: cracked screen. This is affecting my work. Running on Ubuntu 22.04.,Issue with Docking Station: cracked screen. This is affecting my work. Running on Ubuntu 22.04.,Hardware,Docking Station,Question,Low,Closed,Replaced faulty component. Verified with user that issue is fixed.,Replaced faulty component. Verified with user that issue is fixed.,[],1.0,"Title: Docking Station cracked screen
Description: Issue with Docking Station: cracked screen. This is affecting my work. Running on Ubuntu 22.04.
Category: Hardware
Component: Docking Station
Severity: Low",synthetic,U-000033
ITS-00035,Database unauthorized access attempt detected,Database unauthorized access attempt detected,My Database is unauthorized access attempt detected. I've been experiencing this since this morning. Environment: Ubuntu 22.04.,My Database is unauthorized access attempt detected. I've been experiencing this since this morning. Environment: Ubuntu 22.04.,Incident,Database,Incident,Medium,Open,,,[],1.0,"Title: Database unauthorized access attempt detected
Description: My Database is unauthorized access attempt detected. I've been experiencing this since this morning. Environment: Ubuntu 22.04.
Category: Incident
Component: Database
Severity: Medium",synthetic,U-000034
ITS-00036,[Software] Salesforce - license expired,[Software] Salesforce - license expired,"Hi, I need help. Salesforce keeps license expired. Started yesterday. I'm on Windows 10.","Hi, I need help. Salesforce keeps license expired. Started yesterday. I'm on Windows 10.",Software,Salesforce,Question,Medium,Open,,,[],1.0,"Title: [Software] Salesforce - license expired
Description: Hi, I need help. Salesforce keeps license expired. Started yesterday. I'm on Windows 10.
Category: Software
Component: Salesforce
Severity: Medium",synthetic,U-000035
ITS-00037,VPN cannot connect to WiFi,VPN cannot connect to WiFi,The VPN has been cannot connect to WiFi for the past few hours. OS: macOS 14. Please help.,The VPN has been cannot connect to WiFi for the past few hours. OS: macOS 14. Please help.,Network,VPN,Question,Medium,Resolved,Replaced network cable. Verified with user that issue is fixed.,Replaced network cable. Verified with user that issue is fixed.,[],1.0,"Title: VPN cannot connect to WiFi
Description: The VPN has been cannot connect to WiFi for the past few hours. OS: macOS 14. Please help.
Category: Network
Component: VPN
Severity: Medium",synthetic,U-000036
ITS-00038,Printer not turning on,Printer not turning on,"Hi, I need help. Printer keeps not turning on. Started yesterday. I'm on Windows 11.","Hi, I need help. Printer keeps not turning on. Started yesterday. I'm on Windows 11.",Hardware,Printer,Service Request,Medium,Closed,Ordered replacement unit. Verified with user that issue is fixed.,Ordered replacement unit. Verified with user that issue is fixed.,[],1.0,"Title: Printer not turning on
Description: Hi, I need help. Printer keeps not turning on. Started yesterday. I'm on Windows 11.
Category: Hardware
Component: Printer
Severity: Medium",synthetic,U-000037
ITS-00039,Database problem: unauthorized access attempt detected,Database problem: unauthorized access attempt detected,Issue with Database: unauthorized access attempt detected. This is affecting my work. Running on Windows 11.,Issue with Database: unauthorized access attempt detected. This is affecting my work. Running on Windows 11.,Incident,Database,Incident,Low,In Progress,,,[],1.0,"Title: Database problem: unauthorized access attempt detected
Description: Issue with Database: unauthorized access attempt detected. This is affecting my work. Running on Windows 11.
Category: Incident
Component: Database
Severity: Low",synthetic,U-000038
ITS-00040,Outlook not responding,Outlook not responding,"Hi, I need help. Outlook keeps not responding. Started yesterday. I'm on Windows 11.","Hi, I need help. Outlook keeps not responding. Started yesterday. I'm on Windows 11.",Software,Outlook,Service Request,Medium,Closed,Reset user profile. Verified with user that issue is fixed.,Reset user profile. Verified with user that issue is fixed.,[],1.0,"Title: Outlook not responding
Description: Hi, I need help. Outlook keeps not responding. Started yesterday. I'm on Windows 11.
Category: Software
Component: Outlook
Severity: Medium",synthetic,U-000039
ITS-00041,Laptop problem: slow performance,Laptop problem: slow performance,My Laptop is slow performance. I've been experiencing this since this morning. Environment: Windows 11.,My Laptop is slow performance. I've been experiencing this since this morning. Environment: Windows 11.,Hardware,Laptop,Bug,Critical,Resolved,Cleaned internal fans. Verified with user that issue is fixed.,Cleaned internal fans. Verified with user that issue is fixed.,[],1.0,"Title: Laptop problem: slow performance
Description: My Laptop is slow performance. I've been experiencing this since this morning. Environment: Windows 11.
Category: Hardware
Component: Laptop
Severity: Critical",synthetic,U-000040
ITS-00042,Outlook problem: crashing on startup,Outlook problem: crashing on startup,"Hi, I need help. Outlook keeps crashing on startup. Started yesterday. I'm on Chrome OS.","Hi, I need help. Outlook keeps crashing on startup. Started yesterday. I'm on Chrome OS.",Software,Outlook,Question,Medium,Closed,Configured firewall exceptions. Verified with user that issue is fixed.,Configured firewall exceptions. Verified with user that issue is fixed.,[],1.0,"Title: Outlook problem: crashing on startup
Description: Hi, I need help. Outlook keeps crashing on startup. Started yesterday. I'm on Chrome OS.
Category: Software
Component: Outlook
Severity: Medium",synthetic,U-000041
ITS-00043,Laptop problem: not connecting to docking station,Laptop problem: not connecting to docking station,Issue with Laptop: not connecting to docking station. This is affecting my work. Running on Ubuntu 22.04.,Issue with Laptop: not connecting to docking station. This is affecting my work. Running on Ubuntu 22.04.,Hardware,Laptop,Bug,Medium,In Progress,,,[],1.0,"Title: Laptop problem: not connecting to docking station
Description: Issue with Laptop: not connecting to docking station. This is affecting my work. Running on Ubuntu 22.04.
Category: Hardware
Component: Laptop
Severity: Medium",synthetic,U-000042
ITS-00044,Load Balancer problem: memory exhaustion on app server,Load Balancer problem: memory exhaustion on app server,"Hi, I need help. Load Balancer keeps memory exhaustion on app server. Started yesterday. I'm on Ubuntu 22.04.","Hi, I need help. Load Balancer keeps memory exhaustion on app server. Started yesterday. I'm on Ubuntu 22.04.",Incident,Load Balancer,Incident,High,In Progress,,,[],1.0,"Title: Load Balancer problem: memory exhaustion on app server
Description: Hi, I need help. Load Balancer keeps memory exhaustion on app server. Started yesterday. I'm on Ubuntu 22.04.
Category: Incident
Component: Load Balancer
Severity: High",synthetic,U-000043
ITS-00045,[Network] DNS - cannot connect to WiFi,[Network] DNS - cannot connect to WiFi,The DNS has been cannot connect to WiFi for the past few hours. OS: macOS 14. Please help.,The DNS has been cannot connect to WiFi for the past few hours. OS: macOS 14. Please help.,Network,DNS,Bug,Critical,Open,,,[],1.0,"Title: [Network] DNS - cannot connect to WiFi
Description: The DNS has been cannot connect to WiFi for the past few hours. OS: macOS 14. Please help.
Category: Network
Component: DNS
Severity: Critical",synthetic,U-000044
ITS-00046,[Incident] Storage - SSL certificate expired,[Incident] Storage - SSL certificate expired,My Storage is SSL certificate expired. I've been experiencing this since this morning. Environment: Chrome OS.,My Storage is SSL certificate expired. I've been experiencing this since this morning. Environment: Chrome OS.,Incident,Storage,Incident,Medium,Resolved,Re-ran backup with increased timeout. Verified with user that issue is fixed.,Re-ran backup with increased timeout. Verified with user that issue is fixed.,[],1.0,"Title: [Incident] Storage - SSL certificate expired
Description: My Storage is SSL certificate expired. I've been experiencing this since this morning. Environment: Chrome OS.
Category: Incident
Component: Storage
Severity: Medium",synthetic,U-000045
ITS-00047,[Incident] Storage - data sync failure between systems,[Incident] Storage - data sync failure between systems,Issue with Storage: data sync failure between systems. This is affecting my work. Running on Ubuntu 22.04.,Issue with Storage: data sync failure between systems. This is affecting my work. Running on Ubuntu 22.04.,Incident,Storage,Incident,Medium,Closed,Restarted affected services. Verified with user that issue is fixed.,Restarted affected services. Verified with user that issue is fixed.,[],1.0,"Title: [Incident] Storage - data sync failure between systems
Description: Issue with Storage: data sync failure between systems. This is affecting my work. Running on Ubuntu 22.04.
Category: Incident
Component: Storage
Severity: Medium",synthetic,U-000046
ITS-00048,[Software] VPN - update failed,[Software] VPN - update failed,"Hi, I need help. VPN keeps update failed. Started yesterday. I'm on macOS 14.","Hi, I need help. VPN keeps update failed. Started yesterday. I'm on macOS 14.",Software,VPN,Bug,Medium,Closed,Reinstalled application. Verified with user that issue is fixed.,Reinstalled application. Verified with user that issue is fixed.,[],1.0,"Title: [Software] VPN - update failed
Description: Hi, I need help. VPN keeps update failed. Started yesterday. I'm on macOS 14.
Category: Software
Component: VPN
Severity: Medium",synthetic,U-000047
ITS-00049,Email problem: permission denied,Email problem: permission denied,Urgent: Email - permission denied. Multiple users reporting similar issues. Environment is Chrome OS.,Urgent: Email - permission denied. Multiple users reporting similar issues. Environment is Chrome OS.,Account,Email,Service Request,High,Open,,,[],1.0,"Title: Email problem: permission denied
Description: Urgent: Email - permission denied. Multiple users reporting similar issues. Environment is Chrome OS.
Category: Account
Component: Email
Severity: High",synthetic,U-000048
ITS-00050,VPN problem: not syncing properly,VPN problem: not syncing properly,"Hi, I need help. VPN keeps not syncing properly. Started yesterday. I'm on macOS 14.","Hi, I need help. VPN keeps not syncing properly. Started yesterday. I'm on macOS 14.",Software,VPN,Service Request,High,Open,,,[],1.0,"Title: VPN problem: not syncing properly
Description: Hi, I need help. VPN keeps not syncing properly. Started yesterday. I'm on macOS 14.
Category: Software
Component: VPN
Severity: High",synthetic,U-000049
ITS-00051,Ethernet IP conflict,Ethernet IP conflict,Issue with Ethernet: IP conflict. This is affecting my work. Running on Windows 10.,Issue with Ethernet: IP conflict. This is affecting my work. Running on Windows 10.,Network,Ethernet,Service Request,Medium,Open,,,[],1.0,"Title: Ethernet IP conflict
Description: Issue with Ethernet: IP conflict. This is affecting my work. Running on Windows 10.
Category: Network
Component: Ethernet
Severity: Medium",synthetic,U-000050
ITS-00052,Password problem: email forwarding setup,Password problem: email forwarding setup,Urgent: Password - email forwarding setup. Multiple users reporting similar issues. Environment is Ubuntu 22.04.,Urgent: Password - email forwarding setup. Multiple users reporting similar issues. Environment is Ubuntu 22.04.,Account,Password,Service Request,High,In Progress,,,[],1.0,"Title: Password problem: email forwarding setup
Description: Urgent: Password - email forwarding setup. Multiple users reporting similar issues. Environment is Ubuntu 22.04.
Category: Account
Component: Password
Severity: High",synthetic,U-000051
ITS-00053,Desktop battery not charging,Desktop battery not charging,The Desktop has been battery not charging for the past few hours. OS: Windows 11. Please help.,The Desktop has been battery not charging for the past few hours. OS: Windows 11. Please help.,Hardware,Desktop,Service Request,High,In Progress,,,[],1.0,"Title: Desktop battery not charging
Description: The Desktop has been battery not charging for the past few hours. OS: Windows 11. Please help.
Category: Hardware
Component: Desktop
Severity: High",synthetic,U-000052
ITS-00054,SSO problem: cannot access shared mailbox,SSO problem: cannot access shared mailbox,My SSO is cannot access shared mailbox. I've been experiencing this since this morning. Environment: Chrome OS.,My SSO is cannot access shared mailbox. I've been experiencing this since this morning. Environment: Chrome OS.,Account,SSO,Bug,High,Resolved,Reset password and synced. Verified with user that issue is fixed.,Reset password and synced. Verified with user that issue is fixed.,[],1.0,"Title: SSO problem: cannot access shared mailbox
Description: My SSO is cannot access shared mailbox. I've been experiencing this since this morning. Environment: Chrome OS.
Category: Account
Component: SSO
Severity: High",synthetic,U-000053
ITS-00055,Keyboard problem: no display output,Keyboard problem: no display output,The Keyboard has been no display output for the past few hours. OS: macOS 14. Please help.,The Keyboard has been no display output for the past few hours. OS: macOS 14. Please help.,Hardware,Keyboard,Service Request,Medium,Open,,,[],1.0,"Title: Keyboard problem: no display output
Description: The Keyboard has been no display output for the past few hours. OS: macOS 14. Please help.
Category: Hardware
Component: Keyboard
Severity: Medium",synthetic,U-000054
ITS-00056,Password MFA not working,Password MFA not working,Urgent: Password - MFA not working. Multiple users reporting similar issues. Environment is Ubuntu 22.04.,Urgent: Password - MFA not working. Multiple users reporting similar issues. Environment is Ubuntu 22.04.,Account,Password,Question,Medium,In Progress,,,[],1.0,"Title: Password MFA not working
Description: Urgent: Password - MFA not working. Multiple users reporting similar issues. Environment is Ubuntu 22.04.
Category: Account
Component: Password
Severity: Medium",synthetic,U-000055
ITS-00057,Web App problem: failover did not trigger,Web App problem: failover did not trigger,Issue with Web App: failover did not trigger. This is affecting my work. Running on macOS 14.,Issue with Web App: failover did not trigger. This is affecting my work. Running on macOS 14.,Incident,Web App,Incident,Medium,Resolved,Performed manual failover. Verified with user that issue is fixed.,Performed manual failover. Verified with user that issue is fixed.,[],1.0,"Title: Web App problem: failover did not trigger
Description: Issue with Web App: failover did not trigger. This is affecting my work. Running on macOS 14.
Category: Incident
Component: Web App
Severity: Medium",synthetic,U-000056
ITS-00058,Office 365 problem: update failed,Office 365 problem: update failed,"Hi, I need help. Office 365 keeps update failed. Started yesterday. I'm on Windows 10.","Hi, I need help. Office 365 keeps update failed. Started yesterday. I'm on Windows 10.",Software,Office 365,Service Request,High,In Progress,,,"[""365""]",1.0,"Title: Office 365 problem: update failed
Description: Hi, I need help. Office 365 keeps update failed. Started yesterday. I'm on Windows 10.
Category: Software
Component: Office 365
Severity: High",synthetic,U-000057
ITS-00059,[Incident] API Gateway - unauthorized access attempt detected,[Incident] API Gateway - unauthorized access attempt detected,The API Gateway has been unauthorized access attempt detected for the past few hours. OS: Windows 11. Please help.,The API Gateway has been unauthorized access attempt detected for the past few hours. OS: Windows 11. Please help.,Incident,API Gateway,Incident,Medium,In Progress,,,[],1.0,"Title: [Incident] API Gateway - unauthorized access attempt detected
Description: The API Gateway has been unauthorized access attempt detected for the past few hours. OS: Windows 11. Please help.
Category: Incident
Component: API Gateway
Severity: Medium",synthetic,U-000058
ITS-00060,[Software] Teams - memory leak causing slowdown,[Software] Teams - memory leak causing slowdown,The Teams has been memory leak causing slowdown for the past few hours. OS: Windows 10. Please help.,The Teams has been memory leak causing slowdown for the past few hours. OS: Windows 10. Please help.,Software,Teams,Question,Medium,Closed,Reinstalled application. Verified with user that issue is fixed.,Reinstalled application. Verified with user that issue is fixed.,[],1.0,"Title: [Software] Teams - memory leak causing slowdown
Description: The Teams has been memory leak causing slowdown for the past few hours. OS: Windows 10. Please help.
Category: Software
Component: Teams
Severity: Medium",synthetic,U-000059
ITS-00061,Laptop screen flickering,Laptop screen flickering,Urgent: Laptop - screen flickering. Multiple users reporting similar issues. Environment is Chrome OS.,Urgent: Laptop - screen flickering. Multiple users reporting similar issues. Environment is Chrome OS.,Hardware,Laptop,Bug,Low,Open,,,[],1.0,"Title: Laptop screen flickering
Description: Urgent: Laptop - screen flickering. Multiple users reporting similar issues. Environment is Chrome OS.
Category: Hardware
Component: Laptop
Severity: Low",synthetic,U-000060
ITS-00062,Monitor problem: not connecting to docking station,Monitor problem: not connecting to docking station,My Monitor is not connecting to docking station. I've been experiencing this since this morning. Environment: Windows 11.,My Monitor is not connecting to docking station. I've been experiencing this since this morning. Environment: Windows 11.,Hardware,Monitor,Service Request,High,In Progress,,,[],1.0,"Title: Monitor problem: not connecting to docking station
Description: My Monitor is not connecting to docking station. I've been experiencing this since this morning. Environment: Windows 11.
Category: Hardware
Component: Monitor
Severity: High",synthetic,U-000061
ITS-00063,[Network] Ethernet - VPN connection drops,[Network] Ethernet - VPN connection drops,The Ethernet has been VPN connection drops for the past few hours. OS: Windows 10. Please help.,The Ethernet has been VPN connection drops for the past few hours. OS: Windows 10. Please help.,Network,Ethernet,Question,High,Open,,,[],1.0,"Title: [Network] Ethernet - VPN connection drops
Description: The Ethernet has been VPN connection drops for the past few hours. OS: Windows 10. Please help.
Category: Network
Component: Ethernet
Severity: High",synthetic,U-000062
ITS-00064,MFA group membership change needed,MFA group membership change needed,Urgent: MFA - group membership change needed. Multiple users reporting similar issues. Environment is Windows 11.,Urgent: MFA - group membership change needed. Multiple users reporting similar issues. Environment is Windows 11.,Account,MFA,Question,Critical,Open,,,[],1.0,"Title: MFA group membership change needed
Description: Urgent: MFA - group membership change needed. Multiple users reporting similar issues. Environment is Windows 11.
Category: Account
Component: MFA
Severity: Critical",synthetic,U-000063
ITS-00065,[Hardware] Monitor - overheating,[Hardware] Monitor - overheating,My Monitor is overheating. I've been experiencing this since this morning. Environment: Ubuntu 22.04.,My Monitor is overheating. I've been experiencing this since this morning. Environment: Ubuntu 22.04.,Hardware,Monitor,Bug,Medium,Closed,Replaced faulty component. Verified with user that issue is fixed.,Replaced faulty component. Verified with user that issue is fixed.,[],1.0,"Title: [Hardware] Monitor - overheating
Description: My Monitor is overheating. I've been experiencing this since this morning. Environment: Ubuntu 22.04.
Category: Hardware
Component: Monitor
Severity: Medium",synthetic,U-000064
ITS-00066,[Account] MFA - SSO login loop,[Account] MFA - SSO login loop,Urgent: MFA - SSO login loop. Multiple users reporting similar issues. Environment is Ubuntu 22.04.,Urgent: MFA - SSO login loop. Multiple users reporting similar issues. Environment is Ubuntu 22.04.,Account,MFA,Bug,Medium,Resolved,Granted appropriate permissions. Verified with user that issue is fixed.,Granted appropriate permissions. Verified with user that issue is fixed.,[],1.0,"Title: [Account] MFA - SSO login loop
Description: Urgent: MFA - SSO login loop. Multiple users reporting similar issues. Environment is Ubuntu 22.04.
Category: Account
Component: MFA
Severity: Medium",synthetic,U-000065
ITS-00067,[Incident] Storage - disk space critical on production server,[Incident] Storage - disk space critical on production server,"Hi, I need help. Storage keeps disk space critical on production server. Started yesterday. I'm on macOS 14.","Hi, I need help. Storage keeps disk space critical on production server. Started yesterday. I'm on macOS 14.",Incident,Storage,Incident,Critical,Resolved,Blocked IP and reviewed access logs. Verified with user that issue is fixed.,Blocked IP and reviewed access logs. Verified with user that issue is fixed.,[],1.0,"Title: [Incident] Storage - disk space critical on production server
Description: Hi, I need help. Storage keeps disk space critical on production server. Started yesterday. I'm on macOS 14.
Category: Incident
Component: Storage
Severity: Critical",synthetic,U-000066
ITS-00068,Laptop problem: battery not charging,Laptop problem: battery not charging,Issue with Laptop: battery not charging. This is affecting my work. Running on Windows 11.,Issue with Laptop: battery not charging. This is affecting my work. Running on Windows 11.,Hardware,Laptop,Service Request,Medium,Open,,,[],1.0,"Title: Laptop problem: battery not charging
Description: Issue with Laptop: battery not charging. This is affecting my work. Running on Windows 11.
Category: Hardware
Component: Laptop
Severity: Medium",synthetic,U-000067
ITS-00069,[Account] SSO - new hire needs account setup,[Account] SSO - new hire needs account setup,Issue with SSO: new hire needs account setup. This is affecting my work. Running on Windows 11.,Issue with SSO: new hire needs account setup. This is affecting my work. Running on Windows 11.,Account,SSO,Bug,High,Resolved,Re-enrolled MFA device. Verified with user that issue is fixed.,Re-enrolled MFA device. Verified with user that issue is fixed.,[],1.0,"Title: [Account] SSO - new hire needs account setup
Description: Issue with SSO: new hire needs account setup. This is affecting my work. Running on Windows 11.
Category: Account
Component: SSO
Severity: High",synthetic,U-000068
ITS-00070,[Hardware] Desktop - USB ports not working,[Hardware] Desktop - USB ports not working,My Desktop is USB ports not working. I've been experiencing this since this morning. Environment: macOS 14.,My Desktop is USB ports not working. I've been experiencing this since this morning. Environment: macOS 14.,Hardware,Desktop,Bug,Low,In Progress,,,[],1.0,"Title: [Hardware] Desktop - USB ports not working
Description: My Desktop is USB ports not working. I've been experiencing this since this morning. Environment: macOS 14.
Category: Hardware
Component: Desktop
Severity: Low",synthetic,U-000069
ITS-00071,[Software] Office 365 - not responding,[Software] Office 365 - not responding,My Office 365 is not responding. I've been experiencing this since this morning. Environment: Windows 11.,My Office 365 is not responding. I've been experiencing this since this morning. Environment: Windows 11.,Software,Office 365,Service Request,Low,In Progress,,,"[""365""]",1.0,"Title: [Software] Office 365 - not responding
Description: My Office 365 is not responding. I've been experiencing this since this morning. Environment: Windows 11.
Category: Software
Component: Office 365
Severity: Low",synthetic,U-000070
ITS-00072,Active Directory problem: account locked out,Active Directory problem: account locked out,My Active Directory is account locked out. I've been experiencing this since this morning. Environment: Windows 11.,My Active Directory is account locked out. I've been experiencing this since this morning. Environment: Windows 11.,Account,Active Directory,Bug,Medium,Open,,,[],1.0,"Title: Active Directory problem: account locked out
Description: My Active Directory is account locked out. I've been experiencing this since this morning. Environment: Windows 11.
Category: Account
Component: Active Directory
Severity: Medium",synthetic,U-000071
ITS-00073,Office 365 problem: compatibility issue,Office 365 problem: compatibility issue,"Hi, I need help. Office 365 keeps compatibility issue. Started yesterday. I'm on Chrome OS.","Hi, I need help. Office 365 keeps compatibility issue. Started yesterday. I'm on Chrome OS.",Software,Office 365,Bug,Medium,Open,,,"[""365""]",1.0,"Title: Office 365 problem: compatibility issue
Description: Hi, I need help. Office 365 keeps compatibility issue. Started yesterday. I'm on Chrome OS.
Category: Software
Component: Office 365
Severity: Medium",synthetic,U-000072
ITS-00074,Windows problem: cannot login,Windows problem: cannot login,The Windows has been cannot login for the past few hours. OS: Ubuntu 22.04. Please help.,The Windows has been cannot login for the past few hours. OS: Ubuntu 22.04. Please help.,Software,Windows,Bug,High,Resolved,Renewed license through admin portal. Verified with user that issue is fixed.,Renewed license through admin portal. Verified with user that issue is fixed.,[],1.0,"Title: Windows problem: cannot login
Description: The Windows has been cannot login for the past few hours. OS: Ubuntu 22.04. Please help.
Category: Software
Component: Windows
Severity: High",synthetic,U-000073
ITS-00075,Printer no display output,Printer no display output,Urgent: Printer - no display output. Multiple users reporting similar issues. Environment is Windows 10.,Urgent: Printer - no display output. Multiple users reporting similar issues. Environment is Windows 10.,Hardware,Printer,Question,Low,Resolved,Performed hardware diagnostic. Verified with user that issue is fixed.,Performed hardware diagnostic. Verified with user that issue is fixed.,[],1.0,"Title: Printer no display output
Description: Urgent: Printer - no display output. Multiple users reporting similar issues. Environment is Windows 10.
Category: Hardware
Component: Printer
Severity: Low",synthetic,U-000074
ITS-00076,Desktop battery not charging,Desktop battery not charging,"Hi, I need help. Desktop keeps battery not charging. Started yesterday. I'm on Windows 11.","Hi, I need help. Desktop keeps battery not charging. Started yesterday. I'm on Windows 11.",Hardware,Desktop,Service Request,Low,Open,,,[],1.0,"Title: Desktop battery not charging
Description: Hi, I need help. Desktop keeps battery not charging. Started yesterday. I'm on Windows 11.
Category: Hardware
Component: Desktop
Severity: Low",synthetic,U-000075
ITS-00077,[Account] SSO - account locked out,[Account] SSO - account locked out,Issue with SSO: account locked out. This is affecting my work. Running on macOS 14.,Issue with SSO: account locked out. This is affecting my work. Running on macOS 14.,Account,SSO,Service Request,Medium,Closed,Created new account with standard template. Verified with user that issue is fixed.,Created new account with standard template. Verified with user that issue is fixed.,[],1.0,"Title: [Account] SSO - account locked out
Description: Issue with SSO: account locked out. This is affecting my work. Running on macOS 14.
Category: Account
Component: SSO
Severity: Medium",synthetic,U-000076
ITS-00078,Windows problem: error code 0x80070005,Windows problem: error code [HEX],"Hi, I need help. Windows keeps error code 0x80070005. Started yesterday. I'm on Chrome OS.","Hi, I need help. Windows keeps error code [HEX]. Started yesterday. I'm on Chrome OS.",Software,Windows,Question,Low,Resolved,Renewed license through admin portal. Verified with user that issue is fixed.,Renewed license through admin portal. Verified with user that issue is fixed.,"[""0x80070005"", ""0""]",1.0,"Title: Windows problem: error code [HEX]
Description: Hi, I need help. Windows keeps error code [HEX]. Started yesterday. I'm on Chrome OS.
Category: Software
Component: Windows
Severity: Low",synthetic,U-000077
ITS-00079,[Account] Active Directory - permission denied,[Account] Active Directory - permission denied,Issue with Active Directory: permission denied. This is affecting my work. Running on Chrome OS.,Issue with Active Directory: permission denied. This is affecting my work. Running on Chrome OS.,Account,Active Directory,Bug,Medium,Closed,Reset password and synced. Verified with user that issue is fixed.,Reset password and synced. Verified with user that issue is fixed.,[],1.0,"Title: [Account] Active Directory - permission denied
Description: Issue with Active Directory: permission denied. This is affecting my work. Running on Chrome OS.
Category: Account
Component: Active Directory
Severity: Medium",synthetic,U-000078
ITS-00080,[Incident] Load Balancer - backup job failed overnight,[Incident] Load Balancer - backup job failed overnight,"Hi, I need help. Load Balancer keeps backup job failed overnight. Started yesterday. I'm on Windows 10.","Hi, I need help. Load Balancer keeps backup job failed overnight. Started yesterday. I'm on Windows 10.",Incident,Load Balancer,Incident,Low,Open,,,[],1.0,"Title: [Incident] Load Balancer - backup job failed overnight
Description: Hi, I need help. Load Balancer keeps backup job failed overnight. Started yesterday. I'm on Windows 10.
Category: Incident
Component: Load Balancer
Severity: Low",synthetic,U-000079
ITS-00081,VPN plugin not working,VPN plugin not working,The VPN has been plugin not working for the past few hours. OS: Chrome OS. Please help.,The VPN has been plugin not working for the past few hours. OS: Chrome OS. Please help.,Software,VPN,Bug,Low,Open,,,[],1.0,"Title: VPN plugin not working
Description: The VPN has been plugin not working for the past few hours. OS: Chrome OS. Please help.
Category: Software
Component: VPN
Severity: Low",synthetic,U-000080
ITS-00082,[Hardware] Laptop - not turning on,[Hardware] Laptop - not turning on,The Laptop has been not turning on for the past few hours. OS: Windows 11. Please help.,The Laptop has been not turning on for the past few hours. OS: Windows 11. Please help.,Hardware,Laptop,Service Request,Medium,Resolved,Reseated RAM modules. Verified with user that issue is fixed.,Reseated RAM modules. Verified with user that issue is fixed.,[],1.0,"Title: [Hardware] Laptop - not turning on
Description: The Laptop has been not turning on for the past few hours. OS: Windows 11. Please help.
Category: Hardware
Component: Laptop
Severity: Medium",synthetic,U-000081
ITS-00083,[Account] Password - group membership change needed,[Account] Password - group membership change needed,Urgent: Password - group membership change needed. Multiple users reporting similar issues. Environment is Windows 10.,Urgent: Password - group membership change needed. Multiple users reporting similar issues. Environment is Windows 10.,Account,Password,Question,Medium,Closed,Reset password and synced. Verified with user that issue is fixed.,Reset password and synced. Verified with user that issue is fixed.,[],1.0,"Title: [Account] Password - group membership change needed
Description: Urgent: Password - group membership change needed. Multiple users reporting similar issues. Environment is Windows 10.
Category: Account
Component: Password
Severity: Medium",synthetic,U-000082
ITS-00084,DNS packet loss,DNS packet loss,Urgent: DNS - packet loss. Multiple users reporting similar issues. Environment is macOS 14.,Urgent: DNS - packet loss. Multiple users reporting similar issues. Environment is macOS 14.,Network,DNS,Service Request,High,In Progress,,,[],1.0,"Title: DNS packet loss
Description: Urgent: DNS - packet loss. Multiple users reporting similar issues. Environment is macOS 14.
Category: Network
Component: DNS
Severity: High",synthetic,U-000083
ITS-00085,Mouse problem: not turning on,Mouse problem: not turning on,Urgent: Mouse - not turning on. Multiple users reporting similar issues. Environment is Chrome OS.,Urgent: Mouse - not turning on. Multiple users reporting similar issues. Environment is Chrome OS.,Hardware,Mouse,Question,Low,In Progress,,,[],1.0,"Title: Mouse problem: not turning on
Description: Urgent: Mouse - not turning on. Multiple users reporting similar issues. Environment is Chrome OS.
Category: Hardware
Component: Mouse
Severity: Low",synthetic,U-000084
ITS-00086,Storage memory exhaustion on app server,Storage memory exhaustion on app server,The Storage has been memory exhaustion on app server for the past few hours. OS: Chrome OS. Please help.,The Storage has been memory exhaustion on app server for the past few hours. OS: Chrome OS. Please help.,Incident,Storage,Incident,Low,Resolved,Re-ran backup with increased timeout. Verified with user that issue is fixed.,Re-ran backup with increased timeout. Verified with user that issue is fixed.,[],1.0,"Title: Storage memory exhaustion on app server
Description: The Storage has been memory exhaustion on app server for the past few hours. OS: Chrome OS. Please help.
Category: Incident
Component: Storage
Severity: Low",synthetic,U-000085
ITS-00087,Storage problem: memory exhaustion on app server,Storage problem: memory exhaustion on app server,Urgent: Storage - memory exhaustion on app server. Multiple users reporting similar issues. Environment is Chrome OS.,Urgent: Storage - memory exhaustion on app server. Multiple users reporting similar issues. Environment is Chrome OS.,Incident,Storage,Incident,Medium,Resolved,Re-ran backup with increased timeout. Verified with user that issue is fixed.,Re-ran backup with increased timeout. Verified with user that issue is fixed.,[],1.0,"Title: Storage problem: memory exhaustion on app server
Description: Urgent: Storage - memory exhaustion on app server. Multiple users reporting similar issues. Environment is Chrome OS.
Category: Incident
Component: Storage
Severity: Medium",synthetic,U-000086
ITS-00088,Ethernet problem: IP conflict,Ethernet problem: IP conflict,Urgent: Ethernet - IP conflict. Multiple users reporting similar issues. Environment is Windows 11.,Urgent: Ethernet - IP conflict. Multiple users reporting similar issues. Environment is Windows 11.,Network,Ethernet,Bug,Medium,Resolved,Flushed DNS cache. Verified with user that issue is fixed.,Flushed DNS cache. Verified with user that issue is fixed.,[],1.0,"Title: Ethernet problem: IP conflict
Description: Urgent: Ethernet - IP conflict. Multiple users reporting similar issues. Environment is Windows 11.
Category: Network
Component: Ethernet
Severity: Medium",synthetic,U-000087
ITS-00089,[Incident] Load Balancer - memory exhaustion on app server,[Incident] Load Balancer - memory exhaustion on app server,My Load Balancer is memory exhaustion on app server. I've been experiencing this since this morning. Environment: Windows 11.,My Load Balancer is memory exhaustion on app server. I've been experiencing this since this morning. Environment: Windows 11.,Incident,Load Balancer,Incident,Low,Resolved,Freed disk space and set alerts. Verified with user that issue is fixed.,Freed disk space and set alerts. Verified with user that issue is fixed.,[],1.0,"Title: [Incident] Load Balancer - memory exhaustion on app server
Description: My Load Balancer is memory exhaustion on app server. I've been experiencing this since this morning. Environment: Windows 11.
Category: Incident
Component: Load Balancer
Severity: Low",synthetic,U-000088
ITS-00090,SAP problem: crashing on startup,SAP problem: crashing on startup,Issue with SAP: crashing on startup. This is affecting my work. Running on Ubuntu 22.04.,Issue with SAP: crashing on startup. This is affecting my work. Running on Ubuntu 22.04.,Software,SAP,Question,Medium,Resolved,Applied latest patch. Verified with user that issue is fixed.,Applied latest patch. Verified with user that issue is fixed.,[],1.0,"Title: SAP problem: crashing on startup
Description: Issue with SAP: crashing on startup. This is affecting my work. Running on Ubuntu 22.04.
Category: Software
Component: SAP
Severity: Medium",synthetic,U-000089
ITS-00091,Laptop problem: not turning on,Laptop problem: not turning on,My Laptop is not turning on. I've been experiencing this since this morning. Environment: Windows 10.,My Laptop is not turning on. I've been experiencing this since this morning. Environment: Windows 10.,Hardware,Laptop,Question,Medium,In Progress,,,[],1.0,"Title: Laptop problem: not turning on
Description: My Laptop is not turning on. I've been experiencing this since this morning. Environment: Windows 10.
Category: Hardware
Component: Laptop
Severity: Medium",synthetic,U-000090
ITS-00092,[Hardware] Monitor - keyboard keys stuck,[Hardware] Monitor - keyboard keys stuck,My Monitor is keyboard keys stuck. I've been experiencing this since this morning. Environment: Ubuntu 22.04.,My Monitor is keyboard keys stuck. I've been experiencing this since this morning. Environment: Ubuntu 22.04.,Hardware,Monitor,Question,Low,In Progress,,,[],1.0,"Title: [Hardware] Monitor - keyboard keys stuck
Description: My Monitor is keyboard keys stuck. I've been experiencing this since this morning. Environment: Ubuntu 22.04.
Category: Hardware
Component: Monitor
Severity: Low",synthetic,U-000091
ITS-00093,Proxy network drive not mapping,Proxy network drive not mapping,The Proxy has been network drive not mapping for the past few hours. OS: Chrome OS. Please help.,The Proxy has been network drive not mapping for the past few hours. OS: Chrome OS. Please help.,Network,Proxy,Question,Medium,In Progress,,,[],1.0,"Title: Proxy network drive not mapping
Description: The Proxy has been network drive not mapping for the past few hours. OS: Chrome OS. Please help.
Category: Network
Component: Proxy
Severity: Medium",synthetic,U-000092
ITS-00094,Docking Station problem: cracked screen,Docking Station problem: cracked screen,The Docking Station has been cracked screen for the past few hours. OS: Ubuntu 22.04. Please help.,The Docking Station has been cracked screen for the past few hours. OS: Ubuntu 22.04. Please help.,Hardware,Docking Station,Bug,Medium,Open,,,[],1.0,"Title: Docking Station problem: cracked screen
Description: The Docking Station has been cracked screen for the past few hours. OS: Ubuntu 22.04. Please help.
Category: Hardware
Component: Docking Station
Severity: Medium",synthetic,U-000093
ITS-00095,[Hardware] Printer - freezing randomly,[Hardware] Printer - freezing randomly,The Printer has been freezing randomly for the past few hours. OS: macOS 14. Please help.,The Printer has been freezing randomly for the past few hours. OS: macOS 14. Please help.,Hardware,Printer,Question,Medium,In Progress,,,[],1.0,"Title: [Hardware] Printer - freezing randomly
Description: The Printer has been freezing randomly for the past few hours. OS: macOS 14. Please help.
Category: Hardware
Component: Printer
Severity: Medium",synthetic,U-000094
ITS-00096,[Incident] Load Balancer - data sync failure between systems,[Incident] Load Balancer - data sync failure between systems,"Hi, I need help. Load Balancer keeps data sync failure between systems. Started yesterday. I'm on Chrome OS.","Hi, I need help. Load Balancer keeps data sync failure between systems. Started yesterday. I'm on Chrome OS.",Incident,Load Balancer,Incident,Medium,Closed,Applied emergency patch. Verified with user that issue is fixed.,Applied emergency patch. Verified with user that issue is fixed.,[],1.0,"Title: [Incident] Load Balancer - data sync failure between systems
Description: Hi, I need help. Load Balancer keeps data sync failure between systems. Started yesterday. I'm on Chrome OS.
Category: Incident
Component: Load Balancer
Severity: Medium",synthetic,U-000095
ITS-00097,Email email forwarding setup,Email email forwarding setup,"Hi, I need help. Email keeps email forwarding setup. Started yesterday. I'm on Ubuntu 22.04.","Hi, I need help. Email keeps email forwarding setup. Started yesterday. I'm on Ubuntu 22.04.",Account,Email,Service Request,Medium,Resolved,Reset password and synced. Verified with user that issue is fixed.,Reset password and synced. Verified with user that issue is fixed.,[],1.0,"Title: Email email forwarding setup
Description: Hi, I need help. Email keeps email forwarding setup. Started yesterday. I'm on Ubuntu 22.04.
Category: Account
Component: Email
Severity: Medium",synthetic,U-000096
ITS-00098,MFA group membership change needed,MFA group membership change needed,"Hi, I need help. MFA keeps group membership change needed. Started yesterday. I'm on Windows 10.","Hi, I need help. MFA keeps group membership change needed. Started yesterday. I'm on Windows 10.",Account,MFA,Service Request,Medium,In Progress,,,[],1.0,"Title: MFA group membership change needed
Description: Hi, I need help. MFA keeps group membership change needed. Started yesterday. I'm on Windows 10.
Category: Account
Component: MFA
Severity: Medium",synthetic,U-000097
ITS-00099,[Hardware] Desktop - battery not charging,[Hardware] Desktop - battery not charging,Urgent: Desktop - battery not charging. Multiple users reporting similar issues. Environment is macOS 14.,Urgent: Desktop - battery not charging. Multiple users reporting similar issues. Environment is macOS 14.,Hardware,Desktop,Service Request,Medium,Open,,,[],1.0,"Title: [Hardware] Desktop - battery not charging
Description: Urgent: Desktop - battery not charging. Multiple users reporting similar issues. Environment is macOS 14.
Category: Hardware
Component: Desktop
Severity: Medium",synthetic,U-000098
ITS-00100,Storage problem: failover did not trigger,Storage problem: failover did not trigger,Issue with Storage: failover did not trigger. This is affecting my work. Running on Windows 10.,Issue with Storage: failover did not trigger. This is affecting my work. Running on Windows 10.,Incident,Storage,Incident,Medium,Open,,,[],1.0,"Title: Storage problem: failover did not trigger
Description: Issue with Storage: failover did not trigger. This is affecting my work. Running on Windows 10.
Category: Incident
Component: Storage
Severity: Medium",synthetic,U-000099
ITS-00101,[Incident] Web App - failover did not trigger,[Incident] Web App - failover did not trigger,My Web App is failover did not trigger. I've been experiencing this since this morning. Environment: Chrome OS.,My Web App is failover did not trigger. I've been experiencing this since this morning. Environment: Chrome OS.,Incident,Web App,Incident,Medium,Closed,Performed manual failover. Verified with user that issue is fixed.,Performed manual failover. Verified with user that issue is fixed.,[],1.0,"Title: [Incident] Web App - failover did not trigger
Description: My Web App is failover did not trigger. I've been experiencing this since this morning. Environment: Chrome OS.
Category: Incident
Component: Web App
Severity: Medium",synthetic,U-000100
ITS-00102,[Account] MFA - permission denied,[Account] MFA - permission denied,Urgent: MFA - permission denied. Multiple users reporting similar issues. Environment is Windows 10.,Urgent: MFA - permission denied. Multiple users reporting similar issues. Environment is Windows 10.,Account,MFA,Question,Medium,In Progress,,,[],1.0,"Title: [Account] MFA - permission denied
Description: Urgent: MFA - permission denied. Multiple users reporting similar issues. Environment is Windows 10.
Category: Account
Component: MFA
Severity: Medium",synthetic,U-000101
ITS-00103,Ethernet problem: cannot reach specific websites,Ethernet problem: cannot reach specific websites,Urgent: Ethernet - cannot reach specific websites. Multiple users reporting similar issues. Environment is macOS 14.,Urgent: Ethernet - cannot reach specific websites. Multiple users reporting similar issues. Environment is macOS 14.,Network,Ethernet,Service Request,Medium,Closed,Updated WiFi driver. Verified with user that issue is fixed.,Updated WiFi driver. Verified with user that issue is fixed.,[],1.0,"Title: Ethernet problem: cannot reach specific websites
Description: Urgent: Ethernet - cannot reach specific websites. Multiple users reporting similar issues. Environment is macOS 14.
Category: Network
Component: Ethernet
Severity: Medium",synthetic,U-000102
ITS-00104,Windows problem: not responding,Windows problem: not responding,The Windows has been not responding for the past few hours. OS: Windows 10. Please help.,The Windows has been not responding for the past few hours. OS: Windows 10. Please help.,Software,Windows,Service Request,High,Resolved,Renewed license through admin portal. Verified with user that issue is fixed.,Renewed license through admin portal. Verified with user that issue is fixed.,[],1.0,"Title: Windows problem: not responding
Description: The Windows has been not responding for the past few hours. OS: Windows 10. Please help.
Category: Software
Component: Windows
Severity: High",synthetic,U-000103
ITS-00105,Email problem: cannot access shared mailbox,Email problem: cannot access shared mailbox,The Email has been cannot access shared mailbox for the past few hours. OS: Ubuntu 22.04. Please help.,The Email has been cannot access shared mailbox for the past few hours. OS: Ubuntu 22.04. Please help.,Account,Email,Bug,Low,Closed,Granted appropriate permissions. Verified with user that issue is fixed.,Granted appropriate permissions. Verified with user that issue is fixed.,[],1.0,"Title: Email problem: cannot access shared mailbox
Description: The Email has been cannot access shared mailbox for the past few hours. OS: Ubuntu 22.04. Please help.
Category: Account
Component: Email
Severity: Low",synthetic,U-000104
ITS-00106,Laptop freezing randomly,Laptop freezing randomly,"Hi, I need help. Laptop keeps freezing randomly. Started yesterday. I'm on Windows 10.","Hi, I need help. Laptop keeps freezing randomly. Started yesterday. I'm on Windows 10.",Hardware,Laptop,Bug,Low,Open,,,[],1.0,"Title: Laptop freezing randomly
Description: Hi, I need help. Laptop keeps freezing randomly. Started yesterday. I'm on Windows 10.
Category: Hardware
Component: Laptop
Severity: Low",synthetic,U-000105
ITS-00107,Antivirus not responding,Antivirus not responding,Urgent: Antivirus - not responding. Multiple users reporting similar issues. Environment is Windows 10.,Urgent: Antivirus - not responding. Multiple users reporting similar issues. Environment is Windows 10.,Software,Antivirus,Bug,Medium,Closed,Rolled back to previous version. Verified with user that issue is fixed.,Rolled back to previous version. Verified with user that issue is fixed.,[],1.0,"Title: Antivirus not responding
Description: Urgent: Antivirus - not responding. Multiple users reporting similar issues. Environment is Windows 10.
Category: Software
Component: Antivirus
Severity: Medium",synthetic,U-000106
ITS-00108,Antivirus problem: update failed,Antivirus problem: update failed,The Antivirus has been update failed for the past few hours. OS: macOS 14. Please help.,The Antivirus has been update failed for the past few hours. OS: macOS 14. Please help.,Software,Antivirus,Service Request,High,Resolved,Configured firewall exceptions. Verified with user that issue is fixed.,Configured firewall exceptions. Verified with user that issue is fixed.,[],1.0,"Title: Antivirus problem: update failed
Description: The Antivirus has been update failed for the past few hours. OS: macOS 14. Please help.
Category: Software
Component: Antivirus
Severity: High",synthetic,U-000107
ITS-00109,Windows slow loading,Windows slow loading,My Windows is slow loading. I've been experiencing this since this morning. Environment: Windows 11.,My Windows is slow loading. I've been experiencing this since this morning. Environment: Windows 11.,Software,Windows,Bug,Medium,Resolved,Renewed license through admin portal. Verified with user that issue is fixed.,Renewed license through admin portal. Verified with user that issue is fixed.,[],1.0,"Title: Windows slow loading
Description: My Windows is slow loading. I've been experiencing this since this morning. Environment: Windows 11.
Category: Software
Component: Windows
Severity: Medium",synthetic,U-000108
ITS-00110,Laptop battery not charging,Laptop battery not charging,Urgent: Laptop - battery not charging. Multiple users reporting similar issues. Environment is Ubuntu 22.04.,Urgent: Laptop - battery not charging. Multiple users reporting similar issues. Environment is Ubuntu 22.04.,Hardware,Laptop,Bug,Medium,Resolved,Reseated RAM modules. Verified with user that issue is fixed.,Reseated RAM modules. Verified with user that issue is fixed.,[],1.0,"Title: Laptop battery not charging
Description: Urgent: Laptop - battery not charging. Multiple users reporting similar issues. Environment is Ubuntu 22.04.
Category: Hardware
Component: Laptop
Severity: Medium",synthetic,U-000109
ITS-00111,API Gateway disk space critical on production server,API Gateway disk space critical on production server,The API Gateway has been disk space critical on production server for the past few hours. OS: Chrome OS. Please help.,The API Gateway has been disk space critical on production server for the past few hours. OS: Chrome OS. Please help.,Incident,API Gateway,Incident,Medium,Open,,,[],1.0,"Title: API Gateway disk space critical on production server
Description: The API Gateway has been disk space critical on production server for the past few hours. OS: Chrome OS. Please help.
Category: Incident
Component: API Gateway
Severity: Medium",synthetic,U-000110
ITS-00112,Teams problem: update failed,Teams problem: update failed,My Teams is update failed. I've been experiencing this since this morning. Environment: macOS 14.,My Teams is update failed. I've been experiencing this since this morning. Environment: macOS 14.,Software,Teams,Bug,High,Closed,Cleared cache and temp files. Verified with user that issue is fixed.,Cleared cache and temp files. Verified with user that issue is fixed.,[],1.0,"Title: Teams problem: update failed
Description: My Teams is update failed. I've been experiencing this since this morning. Environment: macOS 14.
Category: Software
Component: Teams
Severity: High",synthetic,U-000111
ITS-00113,Windows slow loading,Windows slow loading,Issue with Windows: slow loading. This is affecting my work. Running on Chrome OS.,Issue with Windows: slow loading. This is affecting my work. Running on Chrome OS.,Software,Windows,Bug,Medium,Closed,Applied latest patch. Verified with user that issue is fixed.,Applied latest patch. Verified with user that issue is fixed.,[],1.0,"Title: Windows slow loading
Description: Issue with Windows: slow loading. This is affecting my work. Running on Chrome OS.
Category: Software
Component: Windows
Severity: Medium",synthetic,U-000112
ITS-00114,Outlook cannot login,Outlook cannot login,Issue with Outlook: cannot login. This is affecting my work. Running on Ubuntu 22.04.,Issue with Outlook: cannot login. This is affecting my work. Running on Ubuntu 22.04.,Software,Outlook,Question,Medium,In Progress,,,[],1.0,"Title: Outlook cannot login
Description: Issue with Outlook: cannot login. This is affecting my work. Running on Ubuntu 22.04.
Category: Software
Component: Outlook
Severity: Medium",synthetic,U-000113
ITS-00115,API Gateway problem: scheduled maintenance overran window,API Gateway problem: scheduled maintenance overran window,My API Gateway is scheduled maintenance overran window. I've been experiencing this since this morning. Environment: macOS 14.,My API Gateway is scheduled maintenance overran window. I've been experiencing this since this morning. Environment: macOS 14.,Incident,API Gateway,Incident,Low,In Progress,,,[],1.0,"Title: API Gateway problem: scheduled maintenance overran window
Description: My API Gateway is scheduled maintenance overran window. I've been experiencing this since this morning. Environment: macOS 14.
Category: Incident
Component: API Gateway
Severity: Low",synthetic,U-000114
ITS-00116,Printer fan making loud noise,Printer fan making loud noise,The Printer has been fan making loud noise for the past few hours. OS: Chrome OS. Please help.,The Printer has been fan making loud noise for the past few hours. OS: Chrome OS. Please help.,Hardware,Printer,Bug,Medium,Closed,Updated BIOS firmware. Verified with user that issue is fixed.,Updated BIOS firmware. Verified with user that issue is fixed.,[],1.0,"Title: Printer fan making loud noise
Description: The Printer has been fan making loud noise for the past few hours. OS: Chrome OS. Please help.
Category: Hardware
Component: Printer
Severity: Medium",synthetic,U-000115
ITS-00117,Mouse problem: no display output,Mouse problem: no display output,The Mouse has been no display output for the past few hours. OS: macOS 14. Please help.,The Mouse has been no display output for the past few hours. OS: macOS 14. Please help.,Hardware,Mouse,Service Request,Medium,Open,,,[],1.0,"Title: Mouse problem: no display output
Description: The Mouse has been no display output for the past few hours. OS: macOS 14. Please help.
Category: Hardware
Component: Mouse
Severity: Medium",synthetic,U-000116
ITS-00118,API Gateway service outage affecting all users,API Gateway service outage affecting all users,The API Gateway has been service outage affecting all users for the past few hours. OS: Windows 11. Please help.,The API Gateway has been service outage affecting all users for the past few hours. OS: Windows 11. Please help.,Incident,API Gateway,Incident,High,Closed,Blocked IP and reviewed access logs. Verified with user that issue is fixed.,Blocked IP and reviewed access logs. Verified with user that issue is fixed.,[],1.0,"Title: API Gateway service outage affecting all users
Description: The API Gateway has been service outage affecting all users for the past few hours. OS: Windows 11. Please help.
Category: Incident
Component: API Gateway
Severity: High",synthetic,U-000117
ITS-00119,Teams problem: corrupted installation,Teams problem: corrupted installation,"Hi, I need help. Teams keeps corrupted installation. Started yesterday. I'm on Chrome OS.","Hi, I need help. Teams keeps corrupted installation. Started yesterday. I'm on Chrome OS.",Software,Teams,Question,Medium,Resolved,Configured firewall exceptions. Verified with user that issue is fixed.,Configured firewall exceptions. Verified with user that issue is fixed.,[],1.0,"Title: Teams problem: corrupted installation
Description: Hi, I need help. Teams keeps corrupted installation. Started yesterday. I'm on Chrome OS.
Category: Software
Component: Teams
Severity: Medium",synthetic,U-000118
ITS-00120,SSO problem: MFA not working,SSO problem: MFA not working,"Hi, I need help. SSO keeps MFA not working. Started yesterday. I'm on Windows 11.","Hi, I need help. SSO keeps MFA not working. Started yesterday. I'm on Windows 11.",Account,SSO,Service Request,Medium,Resolved,Reset password and synced. Verified with user that issue is fixed.,Reset password and synced. Verified with user that issue is fixed.,[],1.0,"Title: SSO problem: MFA not working
Description: Hi, I need help. SSO keeps MFA not working. Started yesterday. I'm on Windows 11.
Category: Account
Component: SSO
Severity: Medium",synthetic,U-000119
ITS-00121,Keyboard problem: freezing randomly,Keyboard problem: freezing randomly,Issue with Keyboard: freezing randomly. This is affecting my work. Running on Windows 11.,Issue with Keyboard: freezing randomly. This is affecting my work. Running on Windows 11.,Hardware,Keyboard,Service Request,Medium,Resolved,Replaced faulty component. Verified with user that issue is fixed.,Replaced faulty component. Verified with user that issue is fixed.,[],1.0,"Title: Keyboard problem: freezing randomly
Description: Issue with Keyboard: freezing randomly. This is affecting my work. Running on Windows 11.
Category: Hardware
Component: Keyboard
Severity: Medium",synthetic,U-000120
ITS-00122,[Hardware] Printer - cracked screen,[Hardware] Printer - cracked screen,Issue with Printer: cracked screen. This is affecting my work. Running on Windows 10.,Issue with Printer: cracked screen. This is affecting my work. Running on Windows 10.,Hardware,Printer,Service Request,Medium,Closed,Ordered replacement unit. Verified with user that issue is fixed.,Ordered replacement unit. Verified with user that issue is fixed.,[],1.0,"Title: [Hardware] Printer - cracked screen
Description: Issue with Printer: cracked screen. This is affecting my work. Running on Windows 10.
Category: Hardware
Component: Printer
Severity: Medium",synthetic,U-000121
ITS-00123,Printer USB ports not working,Printer USB ports not working,"Hi, I need help. Printer keeps USB ports not working. Started yesterday. I'm on Windows 11.","Hi, I need help. Printer keeps USB ports not working. Started yesterday. I'm on Windows 11.",Hardware,Printer,Service Request,Medium,Resolved,Performed hardware diagnostic. Verified with user that issue is fixed.,Performed hardware diagnostic. Verified with user that issue is fixed.,[],1.0,"Title: Printer USB ports not working
Description: Hi, I need help. Printer keeps USB ports not working. Started yesterday. I'm on Windows 11.
Category: Hardware
Component: Printer
Severity: Medium",synthetic,U-000122
ITS-00124,Password problem: account deactivation request,Password problem: account deactivation request,"Hi, I need help. Password keeps account deactivation request. Started yesterday. I'm on Ubuntu 22.04.","Hi, I need help. Password keeps account deactivation request. Started yesterday. I'm on Ubuntu 22.04.",Account,Password,Question,Medium,Closed,Unlocked account in AD. Verified with user that issue is fixed.,Unlocked account in AD. Verified with user that issue is fixed.,[],1.0,"Title: Password problem: account deactivation request
Description: Hi, I need help. Password keeps account deactivation request. Started yesterday. I'm on Ubuntu 22.04.
Category: Account
Component: Password
Severity: Medium",synthetic,U-000123
ITS-00125,[Hardware] Monitor - keyboard keys stuck,[Hardware] Monitor - keyboard keys stuck,"Hi, I need help. Monitor keeps keyboard keys stuck. Started yesterday. I'm on Windows 11.","Hi, I need help. Monitor keeps keyboard keys stuck. Started yesterday. I'm on Windows 11.",Hardware,Monitor,Question,Medium,Closed,Performed hardware diagnostic. Verified with user that issue is fixed.,Performed hardware diagnostic. Verified with user that issue is fixed.,[],1.0,"Title: [Hardware] Monitor - keyboard keys stuck
Description: Hi, I need help. Monitor keeps keyboard keys stuck. Started yesterday. I'm on Windows 11.
Category: Hardware
Component: Monitor
Severity: Medium",synthetic,U-000124
ITS-00126,Database problem: SSL certificate expired,Database problem: SSL certificate expired,Issue with Database: SSL certificate expired. This is affecting my work. Running on macOS 14.,Issue with Database: SSL certificate expired. This is affecting my work. Running on macOS 14.,Incident,Database,Incident,High,Closed,Performed manual failover. Verified with user that issue is fixed.,Performed manual failover. Verified with user that issue is fixed.,[],1.0,"Title: Database problem: SSL certificate expired
Description: Issue with Database: SSL certificate expired. This is affecting my work. Running on macOS 14.
Category: Incident
Component: Database
Severity: High",synthetic,U-000125
ITS-00127,WiFi problem: cannot connect to WiFi,WiFi problem: cannot connect to WiFi,The WiFi has been cannot connect to WiFi for the past few hours. OS: Windows 10. Please help.,The WiFi has been cannot connect to WiFi for the past few hours. OS: Windows 10. Please help.,Network,WiFi,Question,Low,Open,,,[],1.0,"Title: WiFi problem: cannot connect to WiFi
Description: The WiFi has been cannot connect to WiFi for the past few hours. OS: Windows 10. Please help.
Category: Network
Component: WiFi
Severity: Low",synthetic,U-000126
ITS-00128,Firewall network drive not mapping,Firewall network drive not mapping,My Firewall is network drive not mapping. I've been experiencing this since this morning. Environment: Ubuntu 22.04.,My Firewall is network drive not mapping. I've been experiencing this since this morning. Environment: Ubuntu 22.04.,Network,Firewall,Bug,Medium,Resolved,Updated VPN client. Verified with user that issue is fixed.,Updated VPN client. Verified with user that issue is fixed.,[],1.0,"Title: Firewall network drive not mapping
Description: My Firewall is network drive not mapping. I've been experiencing this since this morning. Environment: Ubuntu 22.04.
Category: Network
Component: Firewall
Severity: Medium",synthetic,U-000127
ITS-00129,Web App backup job failed overnight,Web App backup job failed overnight,My Web App is backup job failed overnight. I've been experiencing this since this morning. Environment: Chrome OS.,My Web App is backup job failed overnight. I've been experiencing this since this morning. Environment: Chrome OS.,Incident,Web App,Incident,Medium,In Progress,,,[],1.0,"Title: Web App backup job failed overnight
Description: My Web App is backup job failed overnight. I've been experiencing this since this morning. Environment: Chrome OS.
Category: Incident
Component: Web App
Severity: Medium",synthetic,U-000128
ITS-00130,SAP problem: not syncing properly,SAP problem: not syncing properly,My SAP is not syncing properly. I've been experiencing this since this morning. Environment: Chrome OS.,My SAP is not syncing properly. I've been experiencing this since this morning. Environment: Chrome OS.,Software,SAP,Bug,Critical,Resolved,Applied latest patch. Verified with user that issue is fixed.,Applied latest patch. Verified with user that issue is fixed.,[],1.0,"Title: SAP problem: not syncing properly
Description: My SAP is not syncing properly. I've been experiencing this since this morning. Environment: Chrome OS.
Category: Software
Component: SAP
Severity: Critical",synthetic,U-000129
ITS-00131,[Incident] API Gateway - disk space critical on production server,[Incident] API Gateway - disk space critical on production server,Issue with API Gateway: disk space critical on production server. This is affecting my work. Running on Chrome OS.,Issue with API Gateway: disk space critical on production server. This is affecting my work. Running on Chrome OS.,Incident,API Gateway,Incident,Medium,Open,,,[],1.0,"Title: [Incident] API Gateway - disk space critical on production server
Description: Issue with API Gateway: disk space critical on production server. This is affecting my work. Running on Chrome OS.
Category: Incident
Component: API Gateway
Severity: Medium",synthetic,U-000130
ITS-00132,Email password expired,Email password expired,The Email has been password expired for the past few hours. OS: Ubuntu 22.04. Please help.,The Email has been password expired for the past few hours. OS: Ubuntu 22.04. Please help.,Account,Email,Service Request,High,Open,,,[],1.0,"Title: Email password expired
Description: The Email has been password expired for the past few hours. OS: Ubuntu 22.04. Please help.
Category: Account
Component: Email
Severity: High",synthetic,U-000131
ITS-00133,[Software] Teams - missing features after update,[Software] Teams - missing features after update,Issue with Teams: missing features after update. This is affecting my work. Running on Windows 11.,Issue with Teams: missing features after update. This is affecting my work. Running on Windows 11.,Software,Teams,Service Request,Low,In Progress,,,[],1.0,"Title: [Software] Teams - missing features after update
Description: Issue with Teams: missing features after update. This is affecting my work. Running on Windows 11.
Category: Software
Component: Teams
Severity: Low",synthetic,U-000132
ITS-00134,Mouse problem: not connecting to docking station,Mouse problem: not connecting to docking station,Urgent: Mouse - not connecting to docking station. Multiple users reporting similar issues. Environment is Windows 10.,Urgent: Mouse - not connecting to docking station. Multiple users reporting similar issues. Environment is Windows 10.,Hardware,Mouse,Question,Medium,Resolved,Cleaned internal fans. Verified with user that issue is fixed.,Cleaned internal fans. Verified with user that issue is fixed.,[],1.0,"Title: Mouse problem: not connecting to docking station
Description: Urgent: Mouse - not connecting to docking station. Multiple users reporting similar issues. Environment is Windows 10.
Category: Hardware
Component: Mouse
Severity: Medium",synthetic,U-000133
ITS-00135,Docking Station problem: USB ports not working,Docking Station problem: USB ports not working,My Docking Station is USB ports not working. I've been experiencing this since this morning. Environment: Windows 11.,My Docking Station is USB ports not working. I've been experiencing this since this morning. Environment: Windows 11.,Hardware,Docking Station,Question,Medium,Open,,,[],1.0,"Title: Docking Station problem: USB ports not working
Description: My Docking Station is USB ports not working. I've been experiencing this since this morning. Environment: Windows 11.
Category: Hardware
Component: Docking Station
Severity: Medium",synthetic,U-000134
ITS-00136,Password problem: email forwarding setup,Password problem: email forwarding setup,Issue with Password: email forwarding setup. This is affecting my work. Running on Chrome OS.,Issue with Password: email forwarding setup. This is affecting my work. Running on Chrome OS.,Account,Password,Question,Medium,Resolved,Updated group memberships. Verified with user that issue is fixed.,Updated group memberships. Verified with user that issue is fixed.,[],1.0,"Title: Password problem: email forwarding setup
Description: Issue with Password: email forwarding setup. This is affecting my work. Running on Chrome OS.
Category: Account
Component: Password
Severity: Medium",synthetic,U-000135
ITS-00137,Laptop freezing randomly,Laptop freezing randomly,"Hi, I need help. Laptop keeps freezing randomly. Started yesterday. I'm on Ubuntu 22.04.","Hi, I need help. Laptop keeps freezing randomly. Started yesterday. I'm on Ubuntu 22.04.",Hardware,Laptop,Bug,High,In Progress,,,[],1.0,"Title: Laptop freezing randomly
Description: Hi, I need help. Laptop keeps freezing randomly. Started yesterday. I'm on Ubuntu 22.04.
Category: Hardware
Component: Laptop
Severity: High",synthetic,U-000136
ITS-00138,[Incident] API Gateway - service outage affecting all users,[Incident] API Gateway - service outage affecting all users,Issue with API Gateway: service outage affecting all users. This is affecting my work. Running on Chrome OS.,Issue with API Gateway: service outage affecting all users. This is affecting my work. Running on Chrome OS.,Incident,API Gateway,Incident,Medium,Open,,,[],1.0,"Title: [Incident] API Gateway - service outage affecting all users
Description: Issue with API Gateway: service outage affecting all users. This is affecting my work. Running on Chrome OS.
Category: Incident
Component: API Gateway
Severity: Medium",synthetic,U-000137
ITS-00139,Email problem: group membership change needed,Email problem: group membership change needed,"Hi, I need help. Email keeps group membership change needed. Started yesterday. I'm on Chrome OS.","Hi, I need help. Email keeps group membership change needed. Started yesterday. I'm on Chrome OS.",Account,Email,Bug,Low,Resolved,Updated group memberships. Verified with user that issue is fixed.,Updated group memberships. Verified with user that issue is fixed.,[],1.0,"Title: Email problem: group membership change needed
Description: Hi, I need help. Email keeps group membership change needed. Started yesterday. I'm on Chrome OS.
Category: Account
Component: Email
Severity: Low",synthetic,U-000138
ITS-00140,[Network] Proxy - IP conflict,[Network] Proxy - IP conflict,"Hi, I need help. Proxy keeps IP conflict. Started yesterday. I'm on macOS 14.","Hi, I need help. Proxy keeps IP conflict. Started yesterday. I'm on macOS 14.",Network,Proxy,Bug,Medium,In Progress,,,[],1.0,"Title: [Network] Proxy - IP conflict
Description: Hi, I need help. Proxy keeps IP conflict. Started yesterday. I'm on macOS 14.
Category: Network
Component: Proxy
Severity: Medium",synthetic,U-000139
ITS-00141,[Software] Teams - memory leak causing slowdown,[Software] Teams - memory leak causing slowdown,The Teams has been memory leak causing slowdown for the past few hours. OS: Windows 11. Please help.,The Teams has been memory leak causing slowdown for the past few hours. OS: Windows 11. Please help.,Software,Teams,Bug,Medium,Closed,Reinstalled application. Verified with user that issue is fixed.,Reinstalled application. Verified with user that issue is fixed.,[],1.0,"Title: [Software] Teams - memory leak causing slowdown
Description: The Teams has been memory leak causing slowdown for the past few hours. OS: Windows 11. Please help.
Category: Software
Component: Teams
Severity: Medium",synthetic,U-000140
ITS-00142,[Account] MFA - email forwarding setup,[Account] MFA - email forwarding setup,The MFA has been email forwarding setup for the past few hours. OS: Windows 10. Please help.,The MFA has been email forwarding setup for the past few hours. OS: Windows 10. Please help.,Account,MFA,Bug,Low,Open,,,[],1.0,"Title: [Account] MFA - email forwarding setup
Description: The MFA has been email forwarding setup for the past few hours. OS: Windows 10. Please help.
Category: Account
Component: MFA
Severity: Low",synthetic,U-000141
ITS-00143,[Incident] Load Balancer - degraded performance across region,[Incident] Load Balancer - degraded performance across region,"Hi, I need help. Load Balancer keeps degraded performance across region. Started yesterday. I'm on Windows 11.","Hi, I need help. Load Balancer keeps degraded performance across region. Started yesterday. I'm on Windows 11.",Incident,Load Balancer,Incident,Low,Open,,,[],1.0,"Title: [Incident] Load Balancer - degraded performance across region
Description: Hi, I need help. Load Balancer keeps degraded performance across region. Started yesterday. I'm on Windows 11.
Category: Incident
Component: Load Balancer
Severity: Low",synthetic,U-000142
ITS-00144,[Software] Windows - error code 0x80070005,[Software] Windows - error code [HEX],"Hi, I need help. Windows keeps error code 0x80070005. Started yesterday. I'm on Windows 10.","Hi, I need help. Windows keeps error code [HEX]. Started yesterday. I'm on Windows 10.",Software,Windows,Question,Medium,Resolved,Applied latest patch. Verified with user that issue is fixed.,Applied latest patch. Verified with user that issue is fixed.,"[""0x80070005"", ""0""]",1.0,"Title: [Software] Windows - error code [HEX]
Description: Hi, I need help. Windows keeps error code [HEX]. Started yesterday. I'm on Windows 10.
Category: Software
Component: Windows
Severity: Medium",synthetic,U-000143
ITS-00145,Keyboard battery not charging,Keyboard battery not charging,Issue with Keyboard: battery not charging. This is affecting my work. Running on Chrome OS.,Issue with Keyboard: battery not charging. This is affecting my work. Running on Chrome OS.,Hardware,Keyboard,Bug,Medium,Open,,,[],1.0,"Title: Keyboard battery not charging
Description: Issue with Keyboard: battery not charging. This is affecting my work. Running on Chrome OS.
Category: Hardware
Component: Keyboard
Severity: Medium",synthetic,U-000144
ITS-00146,[Network] VPN - proxy authentication error,[Network] VPN - proxy authentication error,"Hi, I need help. VPN keeps proxy authentication error. Started yesterday. I'm on Ubuntu 22.04.","Hi, I need help. VPN keeps proxy authentication error. Started yesterday. I'm on Ubuntu 22.04.",Network,VPN,Question,Medium,Closed,Replaced network cable. Verified with user that issue is fixed.,Replaced network cable. Verified with user that issue is fixed.,[],1.0,"Title: [Network] VPN - proxy authentication error
Description: Hi, I need help. VPN keeps proxy authentication error. Started yesterday. I'm on Ubuntu 22.04.
Category: Network
Component: VPN
Severity: Medium",synthetic,U-000145
ITS-00147,Web App problem: SSL certificate expired,Web App problem: SSL certificate expired,Urgent: Web App - SSL certificate expired. Multiple users reporting similar issues. Environment is Windows 10.,Urgent: Web App - SSL certificate expired. Multiple users reporting similar issues. Environment is Windows 10.,Incident,Web App,Incident,High,Closed,Performed manual failover. Verified with user that issue is fixed.,Performed manual failover. Verified with user that issue is fixed.,[],1.0,"Title: Web App problem: SSL certificate expired
Description: Urgent: Web App - SSL certificate expired. Multiple users reporting similar issues. Environment is Windows 10.
Category: Incident
Component: Web App
Severity: High",synthetic,U-000146
ITS-00148,Storage degraded performance across region,Storage degraded performance across region,"Hi, I need help. Storage keeps degraded performance across region. Started yesterday. I'm on Ubuntu 22.04.","Hi, I need help. Storage keeps degraded performance across region. Started yesterday. I'm on Ubuntu 22.04.",Incident,Storage,Incident,Medium,Closed,Performed manual failover. Verified with user that issue is fixed.,Performed manual failover. Verified with user that issue is fixed.,[],1.0,"Title: Storage degraded performance across region
Description: Hi, I need help. Storage keeps degraded performance across region. Started yesterday. I'm on Ubuntu 22.04.
Category: Incident
Component: Storage
Severity: Medium",synthetic,U-000147
ITS-00149,Email Server problem: SSL certificate expired,Email Server problem: SSL certificate expired,"Hi, I need help. Email Server keeps SSL certificate expired. Started yesterday. I'm on Ubuntu 22.04.","Hi, I need help. Email Server keeps SSL certificate expired. Started yesterday. I'm on Ubuntu 22.04.",Incident,Email Server,Incident,Low,Resolved,Blocked IP and reviewed access logs. Verified with user that issue is fixed.,Blocked IP and reviewed access logs. Verified with user that issue is fixed.,[],1.0,"Title: Email Server problem: SSL certificate expired
Description: Hi, I need help. Email Server keeps SSL certificate expired. Started yesterday. I'm on Ubuntu 22.04.
Category: Incident
Component: Email Server
Severity: Low",synthetic,U-000148
ITS-00150,Password problem: new hire needs account setup,Password problem: new hire needs account setup,Urgent: Password - new hire needs account setup. Multiple users reporting similar issues. Environment is Chrome OS.,Urgent: Password - new hire needs account setup. Multiple users reporting similar issues. Environment is Chrome OS.,Account,Password,Bug,Critical,Open,,,[],1.0,"Title: Password problem: new hire needs account setup
Description: Urgent: Password - new hire needs account setup. Multiple users reporting similar issues. Environment is Chrome OS.
Category: Account
Component: Password
Severity: Critical",synthetic,U-000149
ITS-00151,Storage problem: unauthorized access attempt detected,Storage problem: unauthorized access attempt detected,My Storage is unauthorized access attempt detected. I've been experiencing this since this morning. Environment: Ubuntu 22.04.,My Storage is unauthorized access attempt detected. I've been experiencing this since this morning. Environment: Ubuntu 22.04.,Incident,Storage,Incident,Medium,Resolved,Renewed SSL certificate and redeployed. Verified with user that issue is fixed.,Renewed SSL certificate and redeployed. Verified with user that issue is fixed.,[],1.0,"Title: Storage problem: unauthorized access attempt detected
Description: My Storage is unauthorized access attempt detected. I've been experiencing this since this morning. Environment: Ubuntu 22.04.
Category: Incident
Component: Storage
Severity: Medium",synthetic,U-000150
ITS-00152,SSO problem: SSO login loop,SSO problem: SSO login loop,The SSO has been SSO login loop for the past few hours. OS: Windows 11. Please help.,The SSO has been SSO login loop for the past few hours. OS: Windows 11. Please help.,Account,SSO,Service Request,Medium,Resolved,Granted appropriate permissions. Verified with user that issue is fixed.,Granted appropriate permissions. Verified with user that issue is fixed.,[],1.0,"Title: SSO problem: SSO login loop
Description: The SSO has been SSO login loop for the past few hours. OS: Windows 11. Please help.
Category: Account
Component: SSO
Severity: Medium",synthetic,U-000151
ITS-00153,Database service outage affecting all users,Database service outage affecting all users,Urgent: Database - service outage affecting all users. Multiple users reporting similar issues. Environment is Windows 11.,Urgent: Database - service outage affecting all users. Multiple users reporting similar issues. Environment is Windows 11.,Incident,Database,Incident,Medium,Closed,Scaled up server resources. Verified with user that issue is fixed.,Scaled up server resources. Verified with user that issue is fixed.,[],1.0,"Title: Database service outage affecting all users
Description: Urgent: Database - service outage affecting all users. Multiple users reporting similar issues. Environment is Windows 11.
Category: Incident
Component: Database
Severity: Medium",synthetic,U-000152
ITS-00154,SAP problem: not syncing properly,SAP problem: not syncing properly,"Hi, I need help. SAP keeps not syncing properly. Started yesterday. I'm on Windows 10.","Hi, I need help. SAP keeps not syncing properly. Started yesterday. I'm on Windows 10.",Software,SAP,Service Request,High,Open,,,[],1.0,"Title: SAP problem: not syncing properly
Description: Hi, I need help. SAP keeps not syncing properly. Started yesterday. I'm on Windows 10.
Category: Software
Component: SAP
Severity: High",synthetic,U-000153
ITS-00155,[Account] Active Directory - SSO login loop,[Account] Active Directory - SSO login loop,Urgent: Active Directory - SSO login loop. Multiple users reporting similar issues. Environment is Chrome OS.,Urgent: Active Directory - SSO login loop. Multiple users reporting similar issues. Environment is Chrome OS.,Account,Active Directory,Service Request,Medium,Open,,,[],1.0,"Title: [Account] Active Directory - SSO login loop
Description: Urgent: Active Directory - SSO login loop. Multiple users reporting similar issues. Environment is Chrome OS.
Category: Account
Component: Active Directory
Severity: Medium",synthetic,U-000154
ITS-00156,Database scheduled maintenance overran window,Database scheduled maintenance overran window,"Hi, I need help. Database keeps scheduled maintenance overran window. Started yesterday. I'm on Windows 10.","Hi, I need help. Database keeps scheduled maintenance overran window. Started yesterday. I'm on Windows 10.",Incident,Database,Incident,Low,Open,,,[],1.0,"Title: Database scheduled maintenance overran window
Description: Hi, I need help. Database keeps scheduled maintenance overran window. Started yesterday. I'm on Windows 10.
Category: Incident
Component: Database
Severity: Low",synthetic,U-000155
ITS-00157,Firewall problem: network drive not mapping,Firewall problem: network drive not mapping,The Firewall has been network drive not mapping for the past few hours. OS: Ubuntu 22.04. Please help.,The Firewall has been network drive not mapping for the past few hours. OS: Ubuntu 22.04. Please help.,Network,Firewall,Bug,Medium,Resolved,Assigned static IP. Verified with user that issue is fixed.,Assigned static IP. Verified with user that issue is fixed.,[],1.0,"Title: Firewall problem: network drive not mapping
Description: The Firewall has been network drive not mapping for the past few hours. OS: Ubuntu 22.04. Please help.
Category: Network
Component: Firewall
Severity: Medium",synthetic,U-000156
ITS-00158,API Gateway SSL certificate expired,API Gateway SSL certificate expired,"Hi, I need help. API Gateway keeps SSL certificate expired. Started yesterday. I'm on macOS 14.","Hi, I need help. API Gateway keeps SSL certificate expired. Started yesterday. I'm on macOS 14.",Incident,API Gateway,Incident,Medium,In Progress,,,[],1.0,"Title: API Gateway SSL certificate expired
Description: Hi, I need help. API Gateway keeps SSL certificate expired. Started yesterday. I'm on macOS 14.
Category: Incident
Component: API Gateway
Severity: Medium",synthetic,U-000157
ITS-00159,[Software] Outlook - plugin not working,[Software] Outlook - plugin not working,The Outlook has been plugin not working for the past few hours. OS: Windows 11. Please help.,The Outlook has been plugin not working for the past few hours. OS: Windows 11. Please help.,Software,Outlook,Service Request,Medium,Open,,,[],1.0,"Title: [Software] Outlook - plugin not working
Description: The Outlook has been plugin not working for the past few hours. OS: Windows 11. Please help.
Category: Software
Component: Outlook
Severity: Medium",synthetic,U-000158
ITS-00160,[Network] Firewall - network drive not mapping,[Network] Firewall - network drive not mapping,Issue with Firewall: network drive not mapping. This is affecting my work. Running on Windows 10.,Issue with Firewall: network drive not mapping. This is affecting my work. Running on Windows 10.,Network,Firewall,Service Request,Medium,In Progress,,,[],1.0,"Title: [Network] Firewall - network drive not mapping
Description: Issue with Firewall: network drive not mapping. This is affecting my work. Running on Windows 10.
Category: Network
Component: Firewall
Severity: Medium",synthetic,U-000159
ITS-00161,Mouse cracked screen,Mouse cracked screen,"Hi, I need help. Mouse keeps cracked screen. Started yesterday. I'm on Ubuntu 22.04.","Hi, I need help. Mouse keeps cracked screen. Started yesterday. I'm on Ubuntu 22.04.",Hardware,Mouse,Bug,Low,In Progress,,,[],1.0,"Title: Mouse cracked screen
Description: Hi, I need help. Mouse keeps cracked screen. Started yesterday. I'm on Ubuntu 22.04.
Category: Hardware
Component: Mouse
Severity: Low",synthetic,U-000160
ITS-00162,Monitor problem: screen flickering,Monitor problem: screen flickering,The Monitor has been screen flickering for the past few hours. OS: Ubuntu 22.04. Please help.,The Monitor has been screen flickering for the past few hours. OS: Ubuntu 22.04. Please help.,Hardware,Monitor,Service Request,Low,Resolved,Updated device drivers. Verified with user that issue is fixed.,Updated device drivers. Verified with user that issue is fixed.,[],1.0,"Title: Monitor problem: screen flickering
Description: The Monitor has been screen flickering for the past few hours. OS: Ubuntu 22.04. Please help.
Category: Hardware
Component: Monitor
Severity: Low",synthetic,U-000161
ITS-00163,[Incident] Web App - SSL certificate expired,[Incident] Web App - SSL certificate expired,My Web App is SSL certificate expired. I've been experiencing this since this morning. Environment: Ubuntu 22.04.,My Web App is SSL certificate expired. I've been experiencing this since this morning. Environment: Ubuntu 22.04.,Incident,Web App,Incident,Medium,Open,,,[],1.0,"Title: [Incident] Web App - SSL certificate expired
Description: My Web App is SSL certificate expired. I've been experiencing this since this morning. Environment: Ubuntu 22.04.
Category: Incident
Component: Web App
Severity: Medium",synthetic,U-000162
ITS-00164,Outlook problem: not responding,Outlook problem: not responding,The Outlook has been not responding for the past few hours. OS: macOS 14. Please help.,The Outlook has been not responding for the past few hours. OS: macOS 14. Please help.,Software,Outlook,Question,Low,Open,,,[],1.0,"Title: Outlook problem: not responding
Description: The Outlook has been not responding for the past few hours. OS: macOS 14. Please help.
Category: Software
Component: Outlook
Severity: Low",synthetic,U-000163
ITS-00165,Storage service outage affecting all users,Storage service outage affecting all users,"Hi, I need help. Storage keeps service outage affecting all users. Started yesterday. I'm on Ubuntu 22.04.","Hi, I need help. Storage keeps service outage affecting all users. Started yesterday. I'm on Ubuntu 22.04.",Incident,Storage,Incident,Medium,In Progress,,,[],1.0,"Title: Storage service outage affecting all users
Description: Hi, I need help. Storage keeps service outage affecting all users. Started yesterday. I'm on Ubuntu 22.04.
Category: Incident
Component: Storage
Severity: Medium",synthetic,U-000164
ITS-00166,[Incident] Web App - data sync failure between systems,[Incident] Web App - data sync failure between systems,The Web App has been data sync failure between systems for the past few hours. OS: macOS 14. Please help.,The Web App has been data sync failure between systems for the past few hours. OS: macOS 14. Please help.,Incident,Web App,Incident,Medium,Open,,,[],1.0,"Title: [Incident] Web App - data sync failure between systems
Description: The Web App has been data sync failure between systems for the past few hours. OS: macOS 14. Please help.
Category: Incident
Component: Web App
Severity: Medium",synthetic,U-000165
ITS-00167,[Incident] Storage - degraded performance across region,[Incident] Storage - degraded performance across region,Urgent: Storage - degraded performance across region. Multiple users reporting similar issues. Environment is Windows 10.,Urgent: Storage - degraded performance across region. Multiple users reporting similar issues. Environment is Windows 10.,Incident,Storage,Incident,Medium,In Progress,,,[],1.0,"Title: [Incident] Storage - degraded performance across region
Description: Urgent: Storage - degraded performance across region. Multiple users reporting similar issues. Environment is Windows 10.
Category: Incident
Component: Storage
Severity: Medium",synthetic,U-000166
ITS-00168,Password password expired,Password password expired,Urgent: Password - password expired. Multiple users reporting similar issues. Environment is Ubuntu 22.04.,Urgent: Password - password expired. Multiple users reporting similar issues. Environment is Ubuntu 22.04.,Account,Password,Service Request,Medium,Resolved,Created new account with standard template. Verified with user that issue is fixed.,Created new account with standard template. Verified with user that issue is fixed.,[],1.0,"Title: Password password expired
Description: Urgent: Password - password expired. Multiple users reporting similar issues. Environment is Ubuntu 22.04.
Category: Account
Component: Password
Severity: Medium",synthetic,U-000167
ITS-00169,Password cannot access shared mailbox,Password cannot access shared mailbox,"Hi, I need help. Password keeps cannot access shared mailbox. Started yesterday. I'm on Windows 10.","Hi, I need help. Password keeps cannot access shared mailbox. Started yesterday. I'm on Windows 10.",Account,Password,Question,Medium,In Progress,,,[],1.0,"Title: Password cannot access shared mailbox
Description: Hi, I need help. Password keeps cannot access shared mailbox. Started yesterday. I'm on Windows 10.
Category: Account
Component: Password
Severity: Medium",synthetic,U-000168
ITS-00170,Ethernet network drive not mapping,Ethernet network drive not mapping,Issue with Ethernet: network drive not mapping. This is affecting my work. Running on Chrome OS.,Issue with Ethernet: network drive not mapping. This is affecting my work. Running on Chrome OS.,Network,Ethernet,Service Request,Low,Closed,Replaced network cable. Verified with user that issue is fixed.,Replaced network cable. Verified with user that issue is fixed.,[],1.0,"Title: Ethernet network drive not mapping
Description: Issue with Ethernet: network drive not mapping. This is affecting my work. Running on Chrome OS.
Category: Network
Component: Ethernet
Severity: Low",synthetic,U-000169
ITS-00171,[Network] WiFi - proxy authentication error,[Network] WiFi - proxy authentication error,"Hi, I need help. WiFi keeps proxy authentication error. Started yesterday. I'm on Windows 11.","Hi, I need help. WiFi keeps proxy authentication error. Started yesterday. I'm on Windows 11.",Network,WiFi,Question,Low,Open,,,[],1.0,"Title: [Network] WiFi - proxy authentication error
Description: Hi, I need help. WiFi keeps proxy authentication error. Started yesterday. I'm on Windows 11.
Category: Network
Component: WiFi
Severity: Low",synthetic,U-000170
ITS-00172,[Software] SAP - slow loading,[Software] SAP - slow loading,"Hi, I need help. SAP keeps slow loading. Started yesterday. I'm on Windows 10.","Hi, I need help. SAP keeps slow loading. Started yesterday. I'm on Windows 10.",Software,SAP,Bug,Low,Resolved,Renewed license through admin portal. Verified with user that issue is fixed.,Renewed license through admin portal. Verified with user that issue is fixed.,[],1.0,"Title: [Software] SAP - slow loading
Description: Hi, I need help. SAP keeps slow loading. Started yesterday. I'm on Windows 10.
Category: Software
Component: SAP
Severity: Low",synthetic,U-000171
ITS-00173,[Incident] Database - disk space critical on production server,[Incident] Database - disk space critical on production server,The Database has been disk space critical on production server for the past few hours. OS: macOS 14. Please help.,The Database has been disk space critical on production server for the past few hours. OS: macOS 14. Please help.,Incident,Database,Incident,Medium,In Progress,,,[],1.0,"Title: [Incident] Database - disk space critical on production server
Description: The Database has been disk space critical on production server for the past few hours. OS: macOS 14. Please help.
Category: Incident
Component: Database
Severity: Medium",synthetic,U-000172
ITS-00174,Password problem: account locked out,Password problem: account locked out,Issue with Password: account locked out. This is affecting my work. Running on Chrome OS.,Issue with Password: account locked out. This is affecting my work. Running on Chrome OS.,Account,Password,Service Request,Critical,Resolved,Unlocked account in AD. Verified with user that issue is fixed.,Unlocked account in AD. Verified with user that issue is fixed.,[],1.0,"Title: Password problem: account locked out
Description: Issue with Password: account locked out. This is affecting my work. Running on Chrome OS.
Category: Account
Component: Password
Severity: Critical",synthetic,U-000173
ITS-00175,[Account] MFA - account deactivation request,[Account] MFA - account deactivation request,"Hi, I need help. MFA keeps account deactivation request. Started yesterday. I'm on Ubuntu 22.04.","Hi, I need help. MFA keeps account deactivation request. Started yesterday. I'm on Ubuntu 22.04.",Account,MFA,Service Request,Critical,Closed,Reset password and synced. Verified with user that issue is fixed.,Reset password and synced. Verified with user that issue is fixed.,[],1.0,"Title: [Account] MFA - account deactivation request
Description: Hi, I need help. MFA keeps account deactivation request. Started yesterday. I'm on Ubuntu 22.04.
Category: Account
Component: MFA
Severity: Critical",synthetic,U-000174
ITS-00176,Proxy slow internet speed,Proxy slow internet speed,The Proxy has been slow internet speed for the past few hours. OS: Windows 11. Please help.,The Proxy has been slow internet speed for the past few hours. OS: Windows 11. Please help.,Network,Proxy,Bug,Medium,Resolved,Assigned static IP. Verified with user that issue is fixed.,Assigned static IP. Verified with user that issue is fixed.,[],1.0,"Title: Proxy slow internet speed
Description: The Proxy has been slow internet speed for the past few hours. OS: Windows 11. Please help.
Category: Network
Component: Proxy
Severity: Medium",synthetic,U-000175
ITS-00177,Database degraded performance across region,Database degraded performance across region,Urgent: Database - degraded performance across region. Multiple users reporting similar issues. Environment is Windows 10.,Urgent: Database - degraded performance across region. Multiple users reporting similar issues. Environment is Windows 10.,Incident,Database,Incident,Medium,Closed,Freed disk space and set alerts. Verified with user that issue is fixed.,Freed disk space and set alerts. Verified with user that issue is fixed.,[],1.0,"Title: Database degraded performance across region
Description: Urgent: Database - degraded performance across region. Multiple users reporting similar issues. Environment is Windows 10.
Category: Incident
Component: Database
Severity: Medium",synthetic,U-000176
ITS-00178,[Software] SAP - crashing on startup,[Software] SAP - crashing on startup,"Hi, I need help. SAP keeps crashing on startup. Started yesterday. I'm on Windows 10.","Hi, I need help. SAP keeps crashing on startup. Started yesterday. I'm on Windows 10.",Software,SAP,Bug,Low,Open,,,[],1.0,"Title: [Software] SAP - crashing on startup
Description: Hi, I need help. SAP keeps crashing on startup. Started yesterday. I'm on Windows 10.
Category: Software
Component: SAP
Severity: Low",synthetic,U-000177
ITS-00179,[Network] DNS - network drive not mapping,[Network] DNS - network drive not mapping,"Hi, I need help. DNS keeps network drive not mapping. Started yesterday. I'm on Chrome OS.","Hi, I need help. DNS keeps network drive not mapping. Started yesterday. I'm on Chrome OS.",Network,DNS,Question,High,Closed,Replaced network cable. Verified with user that issue is fixed.,Replaced network cable. Verified with user that issue is fixed.,[],1.0,"Title: [Network] DNS - network drive not mapping
Description: Hi, I need help. DNS keeps network drive not mapping. Started yesterday. I'm on Chrome OS.
Category: Network
Component: DNS
Severity: High",synthetic,U-000178
ITS-00180,WiFi proxy authentication error,WiFi proxy authentication error,My WiFi is proxy authentication error. I've been experiencing this since this morning. Environment: Windows 11.,My WiFi is proxy authentication error. I've been experiencing this since this morning. Environment: Windows 11.,Network,WiFi,Service Request,Critical,Resolved,Reconfigured proxy settings. Verified with user that issue is fixed.,Reconfigured proxy settings. Verified with user that issue is fixed.,[],1.0,"Title: WiFi proxy authentication error
Description: My WiFi is proxy authentication error. I've been experiencing this since this morning. Environment: Windows 11.
Category: Network
Component: WiFi
Severity: Critical",synthetic,U-000179
ITS-00181,Keyboard overheating,Keyboard overheating,Urgent: Keyboard - overheating. Multiple users reporting similar issues. Environment is Windows 10.,Urgent: Keyboard - overheating. Multiple users reporting similar issues. Environment is Windows 10.,Hardware,Keyboard,Bug,Low,In Progress,,,[],1.0,"Title: Keyboard overheating
Description: Urgent: Keyboard - overheating. Multiple users reporting similar issues. Environment is Windows 10.
Category: Hardware
Component: Keyboard
Severity: Low",synthetic,U-000180
ITS-00182,[Network] Proxy - slow internet speed,[Network] Proxy - slow internet speed,Issue with Proxy: slow internet speed. This is affecting my work. Running on Ubuntu 22.04.,Issue with Proxy: slow internet speed. This is affecting my work. Running on Ubuntu 22.04.,Network,Proxy,Question,Medium,In Progress,,,[],1.0,"Title: [Network] Proxy - slow internet speed
Description: Issue with Proxy: slow internet speed. This is affecting my work. Running on Ubuntu 22.04.
Category: Network
Component: Proxy
Severity: Medium",synthetic,U-000181
ITS-00183,SAP problem: corrupted installation,SAP problem: corrupted installation,My SAP is corrupted installation. I've been experiencing this since this morning. Environment: Chrome OS.,My SAP is corrupted installation. I've been experiencing this since this morning. Environment: Chrome OS.,Software,SAP,Service Request,Medium,Open,,,[],1.0,"Title: SAP problem: corrupted installation
Description: My SAP is corrupted installation. I've been experiencing this since this morning. Environment: Chrome OS.
Category: Software
Component: SAP
Severity: Medium",synthetic,U-000182
ITS-00184,Database problem: disk space critical on production server,Database problem: disk space critical on production server,Urgent: Database - disk space critical on production server. Multiple users reporting similar issues. Environment is Windows 11.,Urgent: Database - disk space critical on production server. Multiple users reporting similar issues. Environment is Windows 11.,Incident,Database,Incident,High,Resolved,Performed manual failover. Verified with user that issue is fixed.,Performed manual failover. Verified with user that issue is fixed.,[],1.0,"Title: Database problem: disk space critical on production server
Description: Urgent: Database - disk space critical on production server. Multiple users reporting similar issues. Environment is Windows 11.
Category: Incident
Component: Database
Severity: High",synthetic,U-000183
ITS-00185,[Software] Office 365 - license expired,[Software] Office 365 - license expired,"Hi, I need help. Office 365 keeps license expired. Started yesterday. I'm on macOS 14.","Hi, I need help. Office 365 keeps license expired. Started yesterday. I'm on macOS 14.",Software,Office 365,Bug,Medium,Resolved,Cleared cache and temp files. Verified with user that issue is fixed.,Cleared cache and temp files. Verified with user that issue is fixed.,"[""365""]",1.0,"Title: [Software] Office 365 - license expired
Description: Hi, I need help. Office 365 keeps license expired. Started yesterday. I'm on macOS 14.
Category: Software
Component: Office 365
Severity: Medium",synthetic,U-000184
ITS-00186,SSO account deactivation request,SSO account deactivation request,Issue with SSO: account deactivation request. This is affecting my work. Running on Windows 10.,Issue with SSO: account deactivation request. This is affecting my work. Running on Windows 10.,Account,SSO,Question,High,Closed,Fixed SSO federation config. Verified with user that issue is fixed.,Fixed SSO federation config. Verified with user that issue is fixed.,[],1.0,"Title: SSO account deactivation request
Description: Issue with SSO: account deactivation request. This is affecting my work. Running on Windows 10.
Category: Account
Component: SSO
Severity: High",synthetic,U-000185
ITS-00187,[Account] MFA - cannot access shared mailbox,[Account] MFA - cannot access shared mailbox,Issue with MFA: cannot access shared mailbox. This is affecting my work. Running on Ubuntu 22.04.,Issue with MFA: cannot access shared mailbox. This is affecting my work. Running on Ubuntu 22.04.,Account,MFA,Bug,Medium,Resolved,Granted appropriate permissions. Verified with user that issue is fixed.,Granted appropriate permissions. Verified with user that issue is fixed.,[],1.0,"Title: [Account] MFA - cannot access shared mailbox
Description: Issue with MFA: cannot access shared mailbox. This is affecting my work. Running on Ubuntu 22.04.
Category: Account
Component: MFA
Severity: Medium",synthetic,U-000186
ITS-00188,[Account] Password - account locked out,[Account] Password - account locked out,My Password is account locked out. I've been experiencing this since this morning. Environment: macOS 14.,My Password is account locked out. I've been experiencing this since this morning. Environment: macOS 14.,Account,Password,Question,Medium,Resolved,Fixed SSO federation config. Verified with user that issue is fixed.,Fixed SSO federation config. Verified with user that issue is fixed.,[],1.0,"Title: [Account] Password - account locked out
Description: My Password is account locked out. I've been experiencing this since this morning. Environment: macOS 14.
Category: Account
Component: Password
Severity: Medium",synthetic,U-000187
ITS-00189,Salesforce problem: error code 0x80070005,Salesforce problem: error code [HEX],Urgent: Salesforce - error code 0x80070005. Multiple users reporting similar issues. Environment is macOS 14.,Urgent: Salesforce - error code [HEX]. Multiple users reporting similar issues. Environment is macOS 14.,Software,Salesforce,Service Request,Critical,In Progress,,,"[""0x80070005"", ""0""]",1.0,"Title: Salesforce problem: error code [HEX]
Description: Urgent: Salesforce - error code [HEX]. Multiple users reporting similar issues. Environment is macOS 14.
Category: Software
Component: Salesforce
Severity: Critical",synthetic,U-000188
ITS-00190,Ethernet cannot connect to WiFi,Ethernet cannot connect to WiFi,My Ethernet is cannot connect to WiFi. I've been experiencing this since this morning. Environment: macOS 14.,My Ethernet is cannot connect to WiFi. I've been experiencing this since this morning. Environment: macOS 14.,Network,Ethernet,Question,Medium,Resolved,Updated VPN client. Verified with user that issue is fixed.,Updated VPN client. Verified with user that issue is fixed.,[],1.0,"Title: Ethernet cannot connect to WiFi
Description: My Ethernet is cannot connect to WiFi. I've been experiencing this since this morning. Environment: macOS 14.
Category: Network
Component: Ethernet
Severity: Medium",synthetic,U-000189
ITS-00191,Laptop screen flickering,Laptop screen flickering,"Hi, I need help. Laptop keeps screen flickering. Started yesterday. I'm on Windows 11.","Hi, I need help. Laptop keeps screen flickering. Started yesterday. I'm on Windows 11.",Hardware,Laptop,Bug,Low,Open,,,[],1.0,"Title: Laptop screen flickering
Description: Hi, I need help. Laptop keeps screen flickering. Started yesterday. I'm on Windows 11.
Category: Hardware
Component: Laptop
Severity: Low",synthetic,U-000190
ITS-00192,[Network] WiFi - network drive not mapping,[Network] WiFi - network drive not mapping,My WiFi is network drive not mapping. I've been experiencing this since this morning. Environment: Windows 10.,My WiFi is network drive not mapping. I've been experiencing this since this morning. Environment: Windows 10.,Network,WiFi,Bug,High,Resolved,Reset network adapter. Verified with user that issue is fixed.,Reset network adapter. Verified with user that issue is fixed.,[],1.0,"Title: [Network] WiFi - network drive not mapping
Description: My WiFi is network drive not mapping. I've been experiencing this since this morning. Environment: Windows 10.
Category: Network
Component: WiFi
Severity: High",synthetic,U-000191
ITS-00193,[Hardware] Laptop - no display output,[Hardware] Laptop - no display output,"Hi, I need help. Laptop keeps no display output. Started yesterday. I'm on Ubuntu 22.04.","Hi, I need help. Laptop keeps no display output. Started yesterday. I'm on Ubuntu 22.04.",Hardware,Laptop,Bug,Medium,Open,,,[],1.0,"Title: [Hardware] Laptop - no display output
Description: Hi, I need help. Laptop keeps no display output. Started yesterday. I'm on Ubuntu 22.04.
Category: Hardware
Component: Laptop
Severity: Medium",synthetic,U-000192
ITS-00194,WiFi problem: slow internet speed,WiFi problem: slow internet speed,"Hi, I need help. WiFi keeps slow internet speed. Started yesterday. I'm on macOS 14.","Hi, I need help. WiFi keeps slow internet speed. Started yesterday. I'm on macOS 14.",Network,WiFi,Bug,Low,Closed,Reconfigured proxy settings. Verified with user that issue is fixed.,Reconfigured proxy settings. Verified with user that issue is fixed.,[],1.0,"Title: WiFi problem: slow internet speed
Description: Hi, I need help. WiFi keeps slow internet speed. Started yesterday. I'm on macOS 14.
Category: Network
Component: WiFi
Severity: Low",synthetic,U-000193
ITS-00195,Teams compatibility issue,Teams compatibility issue,Urgent: Teams - compatibility issue. Multiple users reporting similar issues. Environment is Windows 10.,Urgent: Teams - compatibility issue. Multiple users reporting similar issues. Environment is Windows 10.,Software,Teams,Service Request,Medium,In Progress,,,[],1.0,"Title: Teams compatibility issue
Description: Urgent: Teams - compatibility issue. Multiple users reporting similar issues. Environment is Windows 10.
Category: Software
Component: Teams
Severity: Medium",synthetic,U-000194
ITS-00196,[Hardware] Mouse - freezing randomly,[Hardware] Mouse - freezing randomly,Issue with Mouse: freezing randomly. This is affecting my work. Running on Ubuntu 22.04.,Issue with Mouse: freezing randomly. This is affecting my work. Running on Ubuntu 22.04.,Hardware,Mouse,Service Request,High,Open,,,[],1.0,"Title: [Hardware] Mouse - freezing randomly
Description: Issue with Mouse: freezing randomly. This is affecting my work. Running on Ubuntu 22.04.
Category: Hardware
Component: Mouse
Severity: High",synthetic,U-000195
ITS-00197,[Network] Ethernet - IP conflict,[Network] Ethernet - IP conflict,Issue with Ethernet: IP conflict. This is affecting my work. Running on Ubuntu 22.04.,Issue with Ethernet: IP conflict. This is affecting my work. Running on Ubuntu 22.04.,Network,Ethernet,Question,High,Resolved,Assigned static IP. Verified with user that issue is fixed.,Assigned static IP. Verified with user that issue is fixed.,[],1.0,"Title: [Network] Ethernet - IP conflict
Description: Issue with Ethernet: IP conflict. This is affecting my work. Running on Ubuntu 22.04.
Category: Network
Component: Ethernet
Severity: High",synthetic,U-000196
ITS-00198,[Account] Password - group membership change needed,[Account] Password - group membership change needed,The Password has been group membership change needed for the past few hours. OS: Windows 10. Please help.,The Password has been group membership change needed for the past few hours. OS: Windows 10. Please help.,Account,Password,Service Request,Medium,In Progress,,,[],1.0,"Title: [Account] Password - group membership change needed
Description: The Password has been group membership change needed for the past few hours. OS: Windows 10. Please help.
Category: Account
Component: Password
Severity: Medium",synthetic,U-000197
ITS-00199,SSO MFA not working,SSO MFA not working,The SSO has been MFA not working for the past few hours. OS: Windows 11. Please help.,The SSO has been MFA not working for the past few hours. OS: Windows 11. Please help.,Account,SSO,Question,Medium,Closed,Reset password and synced. Verified with user that issue is fixed.,Reset password and synced. Verified with user that issue is fixed.,[],1.0,"Title: SSO MFA not working
Description: The SSO has been MFA not working for the past few hours. OS: Windows 11. Please help.
Category: Account
Component: SSO
Severity: Medium",synthetic,U-000198
ITS-00200,Password permission denied,Password permission denied,My Password is permission denied. I've been experiencing this since this morning. Environment: Windows 10.,My Password is permission denied. I've been experiencing this since this morning. Environment: Windows 10.,Account,Password,Bug,Low,Resolved,Reset password and synced. Verified with user that issue is fixed.,Reset password and synced. Verified with user that issue is fixed.,[],1.0,"Title: Password permission denied
Description: My Password is permission denied. I've been experiencing this since this morning. Environment: Windows 10.
Category: Account
Component: Password
Severity: Low",synthetic,U-000199
ITS-00201,VPN cannot reach specific websites,VPN cannot reach specific websites,Urgent: VPN - cannot reach specific websites. Multiple users reporting similar issues. Environment is macOS 14.,Urgent: VPN - cannot reach specific websites. Multiple users reporting similar issues. Environment is macOS 14.,Network,VPN,Question,Low,In Progress,,,[],1.0,"Title: VPN cannot reach specific websites
Description: Urgent: VPN - cannot reach specific websites. Multiple users reporting similar issues. Environment is macOS 14.
Category: Network
Component: VPN
Severity: Low",synthetic,U-000200
ITS-00202,Office 365 not syncing properly,Office 365 not syncing properly,Issue with Office 365: not syncing properly. This is affecting my work. Running on Ubuntu 22.04.,Issue with Office 365: not syncing properly. This is affecting my work. Running on Ubuntu 22.04.,Software,Office 365,Service Request,Medium,In Progress,,,"[""365""]",1.0,"Title: Office 365 not syncing properly
Description: Issue with Office 365: not syncing properly. This is affecting my work. Running on Ubuntu 22.04.
Category: Software
Component: Office 365
Severity: Medium",synthetic,U-000201
ITS-00203,[Hardware] Desktop - USB ports not working,[Hardware] Desktop - USB ports not working,Urgent: Desktop - USB ports not working. Multiple users reporting similar issues. Environment is Chrome OS.,Urgent: Desktop - USB ports not working. Multiple users reporting similar issues. Environment is Chrome OS.,Hardware,Desktop,Bug,Medium,Resolved,Performed hardware diagnostic. Verified with user that issue is fixed.,Performed hardware diagnostic. Verified with user that issue is fixed.,[],1.0,"Title: [Hardware] Desktop - USB ports not working
Description: Urgent: Desktop - USB ports not working. Multiple users reporting similar issues. Environment is Chrome OS.
Category: Hardware
Component: Desktop
Severity: Medium",synthetic,U-000202
ITS-00204,[Account] Active Directory - SSO login loop,[Account] Active Directory - SSO login loop,"Hi, I need help. Active Directory keeps SSO login loop. Started yesterday. I'm on Windows 10.","Hi, I need help. Active Directory keeps SSO login loop. Started yesterday. I'm on Windows 10.",Account,Active Directory,Service Request,Low,In Progress,,,[],1.0,"Title: [Account] Active Directory - SSO login loop
Description: Hi, I need help. Active Directory keeps SSO login loop. Started yesterday. I'm on Windows 10.
Category: Account
Component: Active Directory
Severity: Low",synthetic,U-000203
ITS-00205,Password problem: MFA not working,Password problem: MFA not working,My Password is MFA not working. I've been experiencing this since this morning. Environment: Windows 11.,My Password is MFA not working. I've been experiencing this since this morning. Environment: Windows 11.,Account,Password,Service Request,Medium,Resolved,Updated group memberships. Verified with user that issue is fixed.,Updated group memberships. Verified with user that issue is fixed.,[],1.0,"Title: Password problem: MFA not working
Description: My Password is MFA not working. I've been experiencing this since this morning. Environment: Windows 11.
Category: Account
Component: Password
Severity: Medium",synthetic,U-000204
ITS-00206,[Account] SSO - account locked out,[Account] SSO - account locked out,Issue with SSO: account locked out. This is affecting my work. Running on Chrome OS.,Issue with SSO: account locked out. This is affecting my work. Running on Chrome OS.,Account,SSO,Service Request,Medium,In Progress,,,[],1.0,"Title: [Account] SSO - account locked out
Description: Issue with SSO: account locked out. This is affecting my work. Running on Chrome OS.
Category: Account
Component: SSO
Severity: Medium",synthetic,U-000205
ITS-00207,[Account] Active Directory - account deactivation request,[Account] Active Directory - account deactivation request,"Hi, I need help. Active Directory keeps account deactivation request. Started yesterday. I'm on macOS 14.","Hi, I need help. Active Directory keeps account deactivation request. Started yesterday. I'm on macOS 14.",Account,Active Directory,Service Request,High,Closed,Granted appropriate permissions. Verified with user that issue is fixed.,Granted appropriate permissions. Verified with user that issue is fixed.,[],1.0,"Title: [Account] Active Directory - account deactivation request
Description: Hi, I need help. Active Directory keeps account deactivation request. Started yesterday. I'm on macOS 14.
Category: Account
Component: Active Directory
Severity: High",synthetic,U-000206
ITS-00208,Web App problem: backup job failed overnight,Web App problem: backup job failed overnight,My Web App is backup job failed overnight. I've been experiencing this since this morning. Environment: macOS 14.,My Web App is backup job failed overnight. I've been experiencing this since this morning. Environment: macOS 14.,Incident,Web App,Incident,High,Closed,Renewed SSL certificate and redeployed. Verified with user that issue is fixed.,Renewed SSL certificate and redeployed. Verified with user that issue is fixed.,[],1.0,"Title: Web App problem: backup job failed overnight
Description: My Web App is backup job failed overnight. I've been experiencing this since this morning. Environment: macOS 14.
Category: Incident
Component: Web App
Severity: High",synthetic,U-000207
ITS-00209,DNS problem: packet loss,DNS problem: packet loss,"Hi, I need help. DNS keeps packet loss. Started yesterday. I'm on Chrome OS.","Hi, I need help. DNS keeps packet loss. Started yesterday. I'm on Chrome OS.",Network,DNS,Bug,Medium,In Progress,,,[],1.0,"Title: DNS problem: packet loss
Description: Hi, I need help. DNS keeps packet loss. Started yesterday. I'm on Chrome OS.
Category: Network
Component: DNS
Severity: Medium",synthetic,U-000208
ITS-00210,VPN problem: VPN connection drops,VPN problem: VPN connection drops,My VPN is VPN connection drops. I've been experiencing this since this morning. Environment: Windows 10.,My VPN is VPN connection drops. I've been experiencing this since this morning. Environment: Windows 10.,Network,VPN,Question,High,Closed,Reset network adapter. Verified with user that issue is fixed.,Reset network adapter. Verified with user that issue is fixed.,[],1.0,"Title: VPN problem: VPN connection drops
Description: My VPN is VPN connection drops. I've been experiencing this since this morning. Environment: Windows 10.
Category: Network
Component: VPN
Severity: High",synthetic,U-000209
ITS-00211,Laptop not connecting to docking station,Laptop not connecting to docking station,Urgent: Laptop - not connecting to docking station. Multiple users reporting similar issues. Environment is macOS 14.,Urgent: Laptop - not connecting to docking station. Multiple users reporting similar issues. Environment is macOS 14.,Hardware,Laptop,Question,Medium,Open,,,[],1.0,"Title: Laptop not connecting to docking station
Description: Urgent: Laptop - not connecting to docking station. Multiple users reporting similar issues. Environment is macOS 14.
Category: Hardware
Component: Laptop
Severity: Medium",synthetic,U-000210
ITS-00212,Laptop problem: battery not charging,Laptop problem: battery not charging,Issue with Laptop: battery not charging. This is affecting my work. Running on Windows 11.,Issue with Laptop: battery not charging. This is affecting my work. Running on Windows 11.,Hardware,Laptop,Bug,Medium,Open,,,[],1.0,"Title: Laptop problem: battery not charging
Description: Issue with Laptop: battery not charging. This is affecting my work. Running on Windows 11.
Category: Hardware
Component: Laptop
Severity: Medium",synthetic,U-000211
ITS-00213,Antivirus license expired,Antivirus license expired,"Hi, I need help. Antivirus keeps license expired. Started yesterday. I'm on macOS 14.","Hi, I need help. Antivirus keeps license expired. Started yesterday. I'm on macOS 14.",Software,Antivirus,Question,Medium,Open,,,[],1.0,"Title: Antivirus license expired
Description: Hi, I need help. Antivirus keeps license expired. Started yesterday. I'm on macOS 14.
Category: Software
Component: Antivirus
Severity: Medium",synthetic,U-000212
ITS-00214,[Hardware] Mouse - slow performance,[Hardware] Mouse - slow performance,Urgent: Mouse - slow performance. Multiple users reporting similar issues. Environment is Ubuntu 22.04.,Urgent: Mouse - slow performance. Multiple users reporting similar issues. Environment is Ubuntu 22.04.,Hardware,Mouse,Service Request,Medium,Closed,Updated BIOS firmware. Verified with user that issue is fixed.,Updated BIOS firmware. Verified with user that issue is fixed.,[],1.0,"Title: [Hardware] Mouse - slow performance
Description: Urgent: Mouse - slow performance. Multiple users reporting similar issues. Environment is Ubuntu 22.04.
Category: Hardware
Component: Mouse
Severity: Medium",synthetic,U-000213
ITS-00215,VPN cannot reach specific websites,VPN cannot reach specific websites,Urgent: VPN - cannot reach specific websites. Multiple users reporting similar issues. Environment is Chrome OS.,Urgent: VPN - cannot reach specific websites. Multiple users reporting similar issues. Environment is Chrome OS.,Network,VPN,Question,Medium,In Progress,,,[],1.0,"Title: VPN cannot reach specific websites
Description: Urgent: VPN - cannot reach specific websites. Multiple users reporting similar issues. Environment is Chrome OS.
Category: Network
Component: VPN
Severity: Medium",synthetic,U-000214
ITS-00216,SSO password expired,SSO password expired,Issue with SSO: password expired. This is affecting my work. Running on Windows 11.,Issue with SSO: password expired. This is affecting my work. Running on Windows 11.,Account,SSO,Service Request,Medium,Resolved,Updated group memberships. Verified with user that issue is fixed.,Updated group memberships. Verified with user that issue is fixed.,[],1.0,"Title: SSO password expired
Description: Issue with SSO: password expired. This is affecting my work. Running on Windows 11.
Category: Account
Component: SSO
Severity: Medium",synthetic,U-000215
ITS-00217,Storage problem: SSL certificate expired,Storage problem: SSL certificate expired,The Storage has been SSL certificate expired for the past few hours. OS: Windows 10. Please help.,The Storage has been SSL certificate expired for the past few hours. OS: Windows 10. Please help.,Incident,Storage,Incident,Medium,In Progress,,,[],1.0,"Title: Storage problem: SSL certificate expired
Description: The Storage has been SSL certificate expired for the past few hours. OS: Windows 10. Please help.
Category: Incident
Component: Storage
Severity: Medium",synthetic,U-000216
ITS-00218,MFA password expired,MFA password expired,Urgent: MFA - password expired. Multiple users reporting similar issues. Environment is Windows 10.,Urgent: MFA - password expired. Multiple users reporting similar issues. Environment is Windows 10.,Account,MFA,Question,Medium,Open,,,[],1.0,"Title: MFA password expired
Description: Urgent: MFA - password expired. Multiple users reporting similar issues. Environment is Windows 10.
Category: Account
Component: MFA
Severity: Medium",synthetic,U-000217
ITS-00219,Office 365 problem: cannot login,Office 365 problem: cannot login,My Office 365 is cannot login. I've been experiencing this since this morning. Environment: Chrome OS.,My Office 365 is cannot login. I've been experiencing this since this morning. Environment: Chrome OS.,Software,Office 365,Bug,Low,In Progress,,,"[""365""]",1.0,"Title: Office 365 problem: cannot login
Description: My Office 365 is cannot login. I've been experiencing this since this morning. Environment: Chrome OS.
Category: Software
Component: Office 365
Severity: Low",synthetic,U-000218
ITS-00220,Desktop problem: keyboard keys stuck,Desktop problem: keyboard keys stuck,"Hi, I need help. Desktop keeps keyboard keys stuck. Started yesterday. I'm on Ubuntu 22.04.","Hi, I need help. Desktop keeps keyboard keys stuck. Started yesterday. I'm on Ubuntu 22.04.",Hardware,Desktop,Service Request,Low,Resolved,Replaced battery. Verified with user that issue is fixed.,Replaced battery. Verified with user that issue is fixed.,[],1.0,"Title: Desktop problem: keyboard keys stuck
Description: Hi, I need help. Desktop keeps keyboard keys stuck. Started yesterday. I'm on Ubuntu 22.04.
Category: Hardware
Component: Desktop
Severity: Low",synthetic,U-000219
ITS-00221,[Network] Ethernet - VPN connection drops,[Network] Ethernet - VPN connection drops,Issue with Ethernet: VPN connection drops. This is affecting my work. Running on Windows 10.,Issue with Ethernet: VPN connection drops. This is affecting my work. Running on Windows 10.,Network,Ethernet,Service Request,Medium,Open,,,[],1.0,"Title: [Network] Ethernet - VPN connection drops
Description: Issue with Ethernet: VPN connection drops. This is affecting my work. Running on Windows 10.
Category: Network
Component: Ethernet
Severity: Medium",synthetic,U-000220
ITS-00222,Monitor screen flickering,Monitor screen flickering,My Monitor is screen flickering. I've been experiencing this since this morning. Environment: Chrome OS.,My Monitor is screen flickering. I've been experiencing this since this morning. Environment: Chrome OS.,Hardware,Monitor,Service Request,Medium,Open,,,[],1.0,"Title: Monitor screen flickering
Description: My Monitor is screen flickering. I've been experiencing this since this morning. Environment: Chrome OS.
Category: Hardware
Component: Monitor
Severity: Medium",synthetic,U-000221
ITS-00223,[Account] Password - cannot access shared mailbox,[Account] Password - cannot access shared mailbox,My Password is cannot access shared mailbox. I've been experiencing this since this morning. Environment: macOS 14.,My Password is cannot access shared mailbox. I've been experiencing this since this morning. Environment: macOS 14.,Account,Password,Service Request,Low,Resolved,Created new account with standard template. Verified with user that issue is fixed.,Created new account with standard template. Verified with user that issue is fixed.,[],1.0,"Title: [Account] Password - cannot access shared mailbox
Description: My Password is cannot access shared mailbox. I've been experiencing this since this morning. Environment: macOS 14.
Category: Account
Component: Password
Severity: Low",synthetic,U-000222
ITS-00224,[Incident] API Gateway - disk space critical on production server,[Incident] API Gateway - disk space critical on production server,The API Gateway has been disk space critical on production server for the past few hours. OS: Chrome OS. Please help.,The API Gateway has been disk space critical on production server for the past few hours. OS: Chrome OS. Please help.,Incident,API Gateway,Incident,High,In Progress,,,[],1.0,"Title: [Incident] API Gateway - disk space critical on production server
Description: The API Gateway has been disk space critical on production server for the past few hours. OS: Chrome OS. Please help.
Category: Incident
Component: API Gateway
Severity: High",synthetic,U-000223
ITS-00225,Printer problem: overheating,Printer problem: overheating,"Hi, I need help. Printer keeps overheating. Started yesterday. I'm on macOS 14.","Hi, I need help. Printer keeps overheating. Started yesterday. I'm on macOS 14.",Hardware,Printer,Question,Low,In Progress,,,[],1.0,"Title: Printer problem: overheating
Description: Hi, I need help. Printer keeps overheating. Started yesterday. I'm on macOS 14.
Category: Hardware
Component: Printer
Severity: Low",synthetic,U-000224
ITS-00226,[Incident] Database - unauthorized access attempt detected,[Incident] Database - unauthorized access attempt detected,My Database is unauthorized access attempt detected. I've been experiencing this since this morning. Environment: Windows 10.,My Database is unauthorized access attempt detected. I've been experiencing this since this morning. Environment: Windows 10.,Incident,Database,Incident,Low,Closed,Restarted affected services. Verified with user that issue is fixed.,Restarted affected services. Verified with user that issue is fixed.,[],1.0,"Title: [Incident] Database - unauthorized access attempt detected
Description: My Database is unauthorized access attempt detected. I've been experiencing this since this morning. Environment: Windows 10.
Category: Incident
Component: Database
Severity: Low",synthetic,U-000225
ITS-00227,VPN problem: intermittent disconnections,VPN problem: intermittent disconnections,"Hi, I need help. VPN keeps intermittent disconnections. Started yesterday. I'm on Windows 10.","Hi, I need help. VPN keeps intermittent disconnections. Started yesterday. I'm on Windows 10.",Network,VPN,Service Request,Medium,In Progress,,,[],1.0,"Title: VPN problem: intermittent disconnections
Description: Hi, I need help. VPN keeps intermittent disconnections. Started yesterday. I'm on Windows 10.
Category: Network
Component: VPN
Severity: Medium",synthetic,U-000226
ITS-00228,Email MFA not working,Email MFA not working,"Hi, I need help. Email keeps MFA not working. Started yesterday. I'm on macOS 14.","Hi, I need help. Email keeps MFA not working. Started yesterday. I'm on macOS 14.",Account,Email,Question,High,Open,,,[],1.0,"Title: Email MFA not working
Description: Hi, I need help. Email keeps MFA not working. Started yesterday. I'm on macOS 14.
Category: Account
Component: Email
Severity: High",synthetic,U-000227
ITS-00229,VPN intermittent disconnections,VPN intermittent disconnections,"Hi, I need help. VPN keeps intermittent disconnections. Started yesterday. I'm on Ubuntu 22.04.","Hi, I need help. VPN keeps intermittent disconnections. Started yesterday. I'm on Ubuntu 22.04.",Network,VPN,Bug,Medium,Open,,,[],1.0,"Title: VPN intermittent disconnections
Description: Hi, I need help. VPN keeps intermittent disconnections. Started yesterday. I'm on Ubuntu 22.04.
Category: Network
Component: VPN
Severity: Medium",synthetic,U-000228
ITS-00230,Salesforce not responding,Salesforce not responding,My Salesforce is not responding. I've been experiencing this since this morning. Environment: macOS 14.,My Salesforce is not responding. I've been experiencing this since this morning. Environment: macOS 14.,Software,Salesforce,Service Request,Medium,Resolved,Renewed license through admin portal. Verified with user that issue is fixed.,Renewed license through admin portal. Verified with user that issue is fixed.,[],1.0,"Title: Salesforce not responding
Description: My Salesforce is not responding. I've been experiencing this since this morning. Environment: macOS 14.
Category: Software
Component: Salesforce
Severity: Medium",synthetic,U-000229
ITS-00231,[Network] DNS - DNS resolution failure,[Network] DNS - DNS resolution failure,"Hi, I need help. DNS keeps DNS resolution failure. Started yesterday. I'm on Ubuntu 22.04.","Hi, I need help. DNS keeps DNS resolution failure. Started yesterday. I'm on Ubuntu 22.04.",Network,DNS,Question,Medium,Open,,,[],1.0,"Title: [Network] DNS - DNS resolution failure
Description: Hi, I need help. DNS keeps DNS resolution failure. Started yesterday. I'm on Ubuntu 22.04.
Category: Network
Component: DNS
Severity: Medium",synthetic,U-000230
ITS-00232,Email problem: SSO login loop,Email problem: SSO login loop,Urgent: Email - SSO login loop. Multiple users reporting similar issues. Environment is macOS 14.,Urgent: Email - SSO login loop. Multiple users reporting similar issues. Environment is macOS 14.,Account,Email,Service Request,Medium,Resolved,Updated group memberships. Verified with user that issue is fixed.,Updated group memberships. Verified with user that issue is fixed.,[],1.0,"Title: Email problem: SSO login loop
Description: Urgent: Email - SSO login loop. Multiple users reporting similar issues. Environment is macOS 14.
Category: Account
Component: Email
Severity: Medium",synthetic,U-000231
ITS-00233,Email Server SSL certificate expired,Email Server SSL certificate expired,My Email Server is SSL certificate expired. I've been experiencing this since this morning. Environment: Windows 11.,My Email Server is SSL certificate expired. I've been experiencing this since this morning. Environment: Windows 11.,Incident,Email Server,Incident,Low,Resolved,Renewed SSL certificate and redeployed. Verified with user that issue is fixed.,Renewed SSL certificate and redeployed. Verified with user that issue is fixed.,[],1.0,"Title: Email Server SSL certificate expired
Description: My Email Server is SSL certificate expired. I've been experiencing this since this morning. Environment: Windows 11.
Category: Incident
Component: Email Server
Severity: Low",synthetic,U-000232
ITS-00234,[Hardware] Mouse - overheating,[Hardware] Mouse - overheating,Issue with Mouse: overheating. This is affecting my work. Running on Ubuntu 22.04.,Issue with Mouse: overheating. This is affecting my work. Running on Ubuntu 22.04.,Hardware,Mouse,Service Request,Medium,Closed,Replaced faulty component. Verified with user that issue is fixed.,Replaced faulty component. Verified with user that issue is fixed.,[],1.0,"Title: [Hardware] Mouse - overheating
Description: Issue with Mouse: overheating. This is affecting my work. Running on Ubuntu 22.04.
Category: Hardware
Component: Mouse
Severity: Medium",synthetic,U-000233
ITS-00235,Email Server degraded performance across region,Email Server degraded performance across region,"Hi, I need help. Email Server keeps degraded performance across region. Started yesterday. I'm on Windows 11.","Hi, I need help. Email Server keeps degraded performance across region. Started yesterday. I'm on Windows 11.",Incident,Email Server,Incident,Medium,In Progress,,,[],1.0,"Title: Email Server degraded performance across region
Description: Hi, I need help. Email Server keeps degraded performance across region. Started yesterday. I'm on Windows 11.
Category: Incident
Component: Email Server
Severity: Medium",synthetic,U-000234
ITS-00236,[Hardware] Desktop - battery not charging,[Hardware] Desktop - battery not charging,Issue with Desktop: battery not charging. This is affecting my work. Running on Windows 11.,Issue with Desktop: battery not charging. This is affecting my work. Running on Windows 11.,Hardware,Desktop,Bug,Medium,Open,,,[],1.0,"Title: [Hardware] Desktop - battery not charging
Description: Issue with Desktop: battery not charging. This is affecting my work. Running on Windows 11.
Category: Hardware
Component: Desktop
Severity: Medium",synthetic,U-000235
ITS-00237,Password cannot access shared mailbox,Password cannot access shared mailbox,My Password is cannot access shared mailbox. I've been experiencing this since this morning. Environment: macOS 14.,My Password is cannot access shared mailbox. I've been experiencing this since this morning. Environment: macOS 14.,Account,Password,Service Request,Low,In Progress,,,[],1.0,"Title: Password cannot access shared mailbox
Description: My Password is cannot access shared mailbox. I've been experiencing this since this morning. Environment: macOS 14.
Category: Account
Component: Password
Severity: Low",synthetic,U-000236
ITS-00238,[Account] SSO - permission denied,[Account] SSO - permission denied,"Hi, I need help. SSO keeps permission denied. Started yesterday. I'm on Ubuntu 22.04.","Hi, I need help. SSO keeps permission denied. Started yesterday. I'm on Ubuntu 22.04.",Account,SSO,Bug,Low,Open,,,[],1.0,"Title: [Account] SSO - permission denied
Description: Hi, I need help. SSO keeps permission denied. Started yesterday. I'm on Ubuntu 22.04.
Category: Account
Component: SSO
Severity: Low",synthetic,U-000237
ITS-00239,Teams problem: plugin not working,Teams problem: plugin not working,The Teams has been plugin not working for the past few hours. OS: Chrome OS. Please help.,The Teams has been plugin not working for the past few hours. OS: Chrome OS. Please help.,Software,Teams,Service Request,Medium,Closed,Applied latest patch. Verified with user that issue is fixed.,Applied latest patch. Verified with user that issue is fixed.,[],1.0,"Title: Teams problem: plugin not working
Description: The Teams has been plugin not working for the past few hours. OS: Chrome OS. Please help.
Category: Software
Component: Teams
Severity: Medium",synthetic,U-000238
ITS-00240,Active Directory problem: new hire needs account setup,Active Directory problem: new hire needs account setup,The Active Directory has been new hire needs account setup for the past few hours. OS: Windows 10. Please help.,The Active Directory has been new hire needs account setup for the past few hours. OS: Windows 10. Please help.,Account,Active Directory,Bug,Medium,In Progress,,,[],1.0,"Title: Active Directory problem: new hire needs account setup
Description: The Active Directory has been new hire needs account setup for the past few hours. OS: Windows 10. Please help.
Category: Account
Component: Active Directory
Severity: Medium",synthetic,U-000239
ITS-00241,[Hardware] Mouse - fan making loud noise,[Hardware] Mouse - fan making loud noise,The Mouse has been fan making loud noise for the past few hours. OS: Windows 11. Please help.,The Mouse has been fan making loud noise for the past few hours. OS: Windows 11. Please help.,Hardware,Mouse,Bug,Low,Resolved,Cleaned internal fans. Verified with user that issue is fixed.,Cleaned internal fans. Verified with user that issue is fixed.,[],1.0,"Title: [Hardware] Mouse - fan making loud noise
Description: The Mouse has been fan making loud noise for the past few hours. OS: Windows 11. Please help.
Category: Hardware
Component: Mouse
Severity: Low",synthetic,U-000240
ITS-00242,Monitor not turning on,Monitor not turning on,"Hi, I need help. Monitor keeps not turning on. Started yesterday. I'm on macOS 14.","Hi, I need help. Monitor keeps not turning on. Started yesterday. I'm on macOS 14.",Hardware,Monitor,Bug,Low,Resolved,Updated BIOS firmware. Verified with user that issue is fixed.,Updated BIOS firmware. Verified with user that issue is fixed.,[],1.0,"Title: Monitor not turning on
Description: Hi, I need help. Monitor keeps not turning on. Started yesterday. I'm on macOS 14.
Category: Hardware
Component: Monitor
Severity: Low",synthetic,U-000241
ITS-00243,Active Directory account locked out,Active Directory account locked out,Issue with Active Directory: account locked out. This is affecting my work. Running on macOS 14.,Issue with Active Directory: account locked out. This is affecting my work. Running on macOS 14.,Account,Active Directory,Bug,Low,Closed,Unlocked account in AD. Verified with user that issue is fixed.,Unlocked account in AD. Verified with user that issue is fixed.,[],1.0,"Title: Active Directory account locked out
Description: Issue with Active Directory: account locked out. This is affecting my work. Running on macOS 14.
Category: Account
Component: Active Directory
Severity: Low",synthetic,U-000242
ITS-00244,MFA problem: SSO login loop,MFA problem: SSO login loop,"Hi, I need help. MFA keeps SSO login loop. Started yesterday. I'm on Windows 10.","Hi, I need help. MFA keeps SSO login loop. Started yesterday. I'm on Windows 10.",Account,MFA,Service Request,High,In Progress,,,[],1.0,"Title: MFA problem: SSO login loop
Description: Hi, I need help. MFA keeps SSO login loop. Started yesterday. I'm on Windows 10.
Category: Account
Component: MFA
Severity: High",synthetic,U-000243
ITS-00245,DNS problem: cannot connect to WiFi,DNS problem: cannot connect to WiFi,"Hi, I need help. DNS keeps cannot connect to WiFi. Started yesterday. I'm on Windows 10.","Hi, I need help. DNS keeps cannot connect to WiFi. Started yesterday. I'm on Windows 10.",Network,DNS,Bug,Low,Resolved,Replaced network cable. Verified with user that issue is fixed.,Replaced network cable. Verified with user that issue is fixed.,[],1.0,"Title: DNS problem: cannot connect to WiFi
Description: Hi, I need help. DNS keeps cannot connect to WiFi. Started yesterday. I'm on Windows 10.
Category: Network
Component: DNS
Severity: Low",synthetic,U-000244
ITS-00246,[Network] WiFi - cannot reach specific websites,[Network] WiFi - cannot reach specific websites,My WiFi is cannot reach specific websites. I've been experiencing this since this morning. Environment: Chrome OS.,My WiFi is cannot reach specific websites. I've been experiencing this since this morning. Environment: Chrome OS.,Network,WiFi,Bug,High,Open,,,[],1.0,"Title: [Network] WiFi - cannot reach specific websites
Description: My WiFi is cannot reach specific websites. I've been experiencing this since this morning. Environment: Chrome OS.
Category: Network
Component: WiFi
Severity: High",synthetic,U-000245
ITS-00247,Outlook slow loading,Outlook slow loading,My Outlook is slow loading. I've been experiencing this since this morning. Environment: Chrome OS.,My Outlook is slow loading. I've been experiencing this since this morning. Environment: Chrome OS.,Software,Outlook,Bug,Critical,In Progress,,,[],1.0,"Title: Outlook slow loading
Description: My Outlook is slow loading. I've been experiencing this since this morning. Environment: Chrome OS.
Category: Software
Component: Outlook
Severity: Critical",synthetic,U-000246
ITS-00248,VPN error code 0x80070005,VPN error code [HEX],"Hi, I need help. VPN keeps error code 0x80070005. Started yesterday. I'm on Windows 11.","Hi, I need help. VPN keeps error code [HEX]. Started yesterday. I'm on Windows 11.",Software,VPN,Question,Medium,Resolved,Reinstalled application. Verified with user that issue is fixed.,Reinstalled application. Verified with user that issue is fixed.,"[""0x80070005"", ""0""]",1.0,"Title: VPN error code [HEX]
Description: Hi, I need help. VPN keeps error code [HEX]. Started yesterday. I'm on Windows 11.
Category: Software
Component: VPN
Severity: Medium",synthetic,U-000247
ITS-00249,[Incident] Database - disk space critical on production server,[Incident] Database - disk space critical on production server,Urgent: Database - disk space critical on production server. Multiple users reporting similar issues. Environment is Chrome OS.,Urgent: Database - disk space critical on production server. Multiple users reporting similar issues. Environment is Chrome OS.,Incident,Database,Incident,High,Resolved,Renewed SSL certificate and redeployed. Verified with user that issue is fixed.,Renewed SSL certificate and redeployed. Verified with user that issue is fixed.,[],1.0,"Title: [Incident] Database - disk space critical on production server
Description: Urgent: Database - disk space critical on production server. Multiple users reporting similar issues. Environment is Chrome OS.
Category: Incident
Component: Database
Severity: High",synthetic,U-000248
ITS-00250,[Incident] Email Server - service outage affecting all users,[Incident] Email Server - service outage affecting all users,My Email Server is service outage affecting all users. I've been experiencing this since this morning. Environment: Windows 10.,My Email Server is service outage affecting all users. I've been experiencing this since this morning. Environment: Windows 10.,Incident,Email Server,Incident,Medium,In Progress,,,[],1.0,"Title: [Incident] Email Server - service outage affecting all users
Description: My Email Server is service outage affecting all users. I've been experiencing this since this morning. Environment: Windows 10.
Category: Incident
Component: Email Server
Severity: Medium",synthetic,U-000249
ITS-00251,Antivirus problem: compatibility issue,Antivirus problem: compatibility issue,My Antivirus is compatibility issue. I've been experiencing this since this morning. Environment: Ubuntu 22.04.,My Antivirus is compatibility issue. I've been experiencing this since this morning. Environment: Ubuntu 22.04.,Software,Antivirus,Bug,Medium,In Progress,,,[],1.0,"Title: Antivirus problem: compatibility issue
Description: My Antivirus is compatibility issue. I've been experiencing this since this morning. Environment: Ubuntu 22.04.
Category: Software
Component: Antivirus
Severity: Medium",synthetic,U-000250
ITS-00252,VPN IP conflict,VPN IP conflict,Urgent: VPN - IP conflict. Multiple users reporting similar issues. Environment is Windows 10.,Urgent: VPN - IP conflict. Multiple users reporting similar issues. Environment is Windows 10.,Network,VPN,Service Request,Medium,In Progress,,,[],1.0,"Title: VPN IP conflict
Description: Urgent: VPN - IP conflict. Multiple users reporting similar issues. Environment is Windows 10.
Category: Network
Component: VPN
Severity: Medium",synthetic,U-000251
ITS-00253,[Account] Password - account deactivation request,[Account] Password - account deactivation request,"Hi, I need help. Password keeps account deactivation request. Started yesterday. I'm on Chrome OS.","Hi, I need help. Password keeps account deactivation request. Started yesterday. I'm on Chrome OS.",Account,Password,Bug,Medium,Open,,,[],1.0,"Title: [Account] Password - account deactivation request
Description: Hi, I need help. Password keeps account deactivation request. Started yesterday. I'm on Chrome OS.
Category: Account
Component: Password
Severity: Medium",synthetic,U-000252
ITS-00254,Office 365 plugin not working,Office 365 plugin not working,"Hi, I need help. Office 365 keeps plugin not working. Started yesterday. I'm on macOS 14.","Hi, I need help. Office 365 keeps plugin not working. Started yesterday. I'm on macOS 14.",Software,Office 365,Service Request,Critical,Closed,Applied latest patch. Verified with user that issue is fixed.,Applied latest patch. Verified with user that issue is fixed.,"[""365""]",1.0,"Title: Office 365 plugin not working
Description: Hi, I need help. Office 365 keeps plugin not working. Started yesterday. I'm on macOS 14.
Category: Software
Component: Office 365
Severity: Critical",synthetic,U-000253
ITS-00255,[Account] SSO - group membership change needed,[Account] SSO - group membership change needed,"Hi, I need help. SSO keeps group membership change needed. Started yesterday. I'm on Ubuntu 22.04.","Hi, I need help. SSO keeps group membership change needed. Started yesterday. I'm on Ubuntu 22.04.",Account,SSO,Question,Low,In Progress,,,[],1.0,"Title: [Account] SSO - group membership change needed
Description: Hi, I need help. SSO keeps group membership change needed. Started yesterday. I'm on Ubuntu 22.04.
Category: Account
Component: SSO
Severity: Low",synthetic,U-000254
ITS-00256,DNS network drive not mapping,DNS network drive not mapping,Issue with DNS: network drive not mapping. This is affecting my work. Running on Ubuntu 22.04.,Issue with DNS: network drive not mapping. This is affecting my work. Running on Ubuntu 22.04.,Network,DNS,Bug,Critical,Resolved,Added firewall rule exception. Verified with user that issue is fixed.,Added firewall rule exception. Verified with user that issue is fixed.,[],1.0,"Title: DNS network drive not mapping
Description: Issue with DNS: network drive not mapping. This is affecting my work. Running on Ubuntu 22.04.
Category: Network
Component: DNS
Severity: Critical",synthetic,U-000255
ITS-00257,Laptop not turning on,Laptop not turning on,"Hi, I need help. Laptop keeps not turning on. Started yesterday. I'm on Chrome OS.","Hi, I need help. Laptop keeps not turning on. Started yesterday. I'm on Chrome OS.",Hardware,Laptop,Question,High,In Progress,,,[],1.0,"Title: Laptop not turning on
Description: Hi, I need help. Laptop keeps not turning on. Started yesterday. I'm on Chrome OS.
Category: Hardware
Component: Laptop
Severity: High",synthetic,U-000256
ITS-00258,API Gateway service outage affecting all users,API Gateway service outage affecting all users,My API Gateway is service outage affecting all users. I've been experiencing this since this morning. Environment: Windows 10.,My API Gateway is service outage affecting all users. I've been experiencing this since this morning. Environment: Windows 10.,Incident,API Gateway,Incident,Low,Resolved,Re-ran backup with increased timeout. Verified with user that issue is fixed.,Re-ran backup with increased timeout. Verified with user that issue is fixed.,[],1.0,"Title: API Gateway service outage affecting all users
Description: My API Gateway is service outage affecting all users. I've been experiencing this since this morning. Environment: Windows 10.
Category: Incident
Component: API Gateway
Severity: Low",synthetic,U-000257
ITS-00259,[Account] Email - group membership change needed,[Account] Email - group membership change needed,The Email has been group membership change needed for the past few hours. OS: Windows 11. Please help.,The Email has been group membership change needed for the past few hours. OS: Windows 11. Please help.,Account,Email,Bug,High,In Progress,,,[],1.0,"Title: [Account] Email - group membership change needed
Description: The Email has been group membership change needed for the past few hours. OS: Windows 11. Please help.
Category: Account
Component: Email
Severity: High",synthetic,U-000258
ITS-00260,VPN network drive not mapping,VPN network drive not mapping,Urgent: VPN - network drive not mapping. Multiple users reporting similar issues. Environment is Windows 11.,Urgent: VPN - network drive not mapping. Multiple users reporting similar issues. Environment is Windows 11.,Network,VPN,Question,Medium,Closed,Reconfigured proxy settings. Verified with user that issue is fixed.,Reconfigured proxy settings. Verified with user that issue is fixed.,[],1.0,"Title: VPN network drive not mapping
Description: Urgent: VPN - network drive not mapping. Multiple users reporting similar issues. Environment is Windows 11.
Category: Network
Component: VPN
Severity: Medium",synthetic,U-000259
ITS-00261,Storage service outage affecting all users,Storage service outage affecting all users,Urgent: Storage - service outage affecting all users. Multiple users reporting similar issues. Environment is Ubuntu 22.04.,Urgent: Storage - service outage affecting all users. Multiple users reporting similar issues. Environment is Ubuntu 22.04.,Incident,Storage,Incident,High,In Progress,,,[],1.0,"Title: Storage service outage affecting all users
Description: Urgent: Storage - service outage affecting all users. Multiple users reporting similar issues. Environment is Ubuntu 22.04.
Category: Incident
Component: Storage
Severity: High",synthetic,U-000260
ITS-00262,Windows problem: missing features after update,Windows problem: missing features after update,My Windows is missing features after update. I've been experiencing this since this morning. Environment: macOS 14.,My Windows is missing features after update. I've been experiencing this since this morning. Environment: macOS 14.,Software,Windows,Question,High,Resolved,Reinstalled application. Verified with user that issue is fixed.,Reinstalled application. Verified with user that issue is fixed.,[],1.0,"Title: Windows problem: missing features after update
Description: My Windows is missing features after update. I've been experiencing this since this morning. Environment: macOS 14.
Category: Software
Component: Windows
Severity: High",synthetic,U-000261
ITS-00263,Storage scheduled maintenance overran window,Storage scheduled maintenance overran window,The Storage has been scheduled maintenance overran window for the past few hours. OS: Ubuntu 22.04. Please help.,The Storage has been scheduled maintenance overran window for the past few hours. OS: Ubuntu 22.04. Please help.,Incident,Storage,Incident,Critical,In Progress,,,[],1.0,"Title: Storage scheduled maintenance overran window
Description: The Storage has been scheduled maintenance overran window for the past few hours. OS: Ubuntu 22.04. Please help.
Category: Incident
Component: Storage
Severity: Critical",synthetic,U-000262
ITS-00264,[Account] SSO - account deactivation request,[Account] SSO - account deactivation request,The SSO has been account deactivation request for the past few hours. OS: macOS 14. Please help.,The SSO has been account deactivation request for the past few hours. OS: macOS 14. Please help.,Account,SSO,Bug,High,Resolved,Granted appropriate permissions. Verified with user that issue is fixed.,Granted appropriate permissions. Verified with user that issue is fixed.,[],1.0,"Title: [Account] SSO - account deactivation request
Description: The SSO has been account deactivation request for the past few hours. OS: macOS 14. Please help.
Category: Account
Component: SSO
Severity: High",synthetic,U-000263
ITS-00265,Mouse problem: fan making loud noise,Mouse problem: fan making loud noise,Issue with Mouse: fan making loud noise. This is affecting my work. Running on macOS 14.,Issue with Mouse: fan making loud noise. This is affecting my work. Running on macOS 14.,Hardware,Mouse,Service Request,Medium,Open,,,[],1.0,"Title: Mouse problem: fan making loud noise
Description: Issue with Mouse: fan making loud noise. This is affecting my work. Running on macOS 14.
Category: Hardware
Component: Mouse
Severity: Medium",synthetic,U-000264
ITS-00266,Active Directory problem: SSO login loop,Active Directory problem: SSO login loop,"Hi, I need help. Active Directory keeps SSO login loop. Started yesterday. I'm on Ubuntu 22.04.","Hi, I need help. Active Directory keeps SSO login loop. Started yesterday. I'm on Ubuntu 22.04.",Account,Active Directory,Service Request,Medium,In Progress,,,[],1.0,"Title: Active Directory problem: SSO login loop
Description: Hi, I need help. Active Directory keeps SSO login loop. Started yesterday. I'm on Ubuntu 22.04.
Category: Account
Component: Active Directory
Severity: Medium",synthetic,U-000265
ITS-00267,SAP problem: not syncing properly,SAP problem: not syncing properly,My SAP is not syncing properly. I've been experiencing this since this morning. Environment: Windows 11.,My SAP is not syncing properly. I've been experiencing this since this morning. Environment: Windows 11.,Software,SAP,Bug,Low,In Progress,,,[],1.0,"Title: SAP problem: not syncing properly
Description: My SAP is not syncing properly. I've been experiencing this since this morning. Environment: Windows 11.
Category: Software
Component: SAP
Severity: Low",synthetic,U-000266
ITS-00268,Storage problem: scheduled maintenance overran window,Storage problem: scheduled maintenance overran window,My Storage is scheduled maintenance overran window. I've been experiencing this since this morning. Environment: Ubuntu 22.04.,My Storage is scheduled maintenance overran window. I've been experiencing this since this morning. Environment: Ubuntu 22.04.,Incident,Storage,Incident,Medium,Open,,,[],1.0,"Title: Storage problem: scheduled maintenance overran window
Description: My Storage is scheduled maintenance overran window. I've been experiencing this since this morning. Environment: Ubuntu 22.04.
Category: Incident
Component: Storage
Severity: Medium",synthetic,U-000267
ITS-00269,MFA problem: cannot access shared mailbox,MFA problem: cannot access shared mailbox,Issue with MFA: cannot access shared mailbox. This is affecting my work. Running on Windows 10.,Issue with MFA: cannot access shared mailbox. This is affecting my work. Running on Windows 10.,Account,MFA,Question,Low,Resolved,Granted appropriate permissions. Verified with user that issue is fixed.,Granted appropriate permissions. Verified with user that issue is fixed.,[],1.0,"Title: MFA problem: cannot access shared mailbox
Description: Issue with MFA: cannot access shared mailbox. This is affecting my work. Running on Windows 10.
Category: Account
Component: MFA
Severity: Low",synthetic,U-000268
ITS-00270,[Hardware] Mouse - not turning on,[Hardware] Mouse - not turning on,Urgent: Mouse - not turning on. Multiple users reporting similar issues. Environment is Windows 10.,Urgent: Mouse - not turning on. Multiple users reporting similar issues. Environment is Windows 10.,Hardware,Mouse,Bug,Medium,Closed,Updated BIOS firmware. Verified with user that issue is fixed.,Updated BIOS firmware. Verified with user that issue is fixed.,[],1.0,"Title: [Hardware] Mouse - not turning on
Description: Urgent: Mouse - not turning on. Multiple users reporting similar issues. Environment is Windows 10.
Category: Hardware
Component: Mouse
Severity: Medium",synthetic,U-000269
ITS-00271,VPN problem: license expired,VPN problem: license expired,The VPN has been license expired for the past few hours. OS: Windows 10. Please help.,The VPN has been license expired for the past few hours. OS: Windows 10. Please help.,Software,VPN,Service Request,Medium,Resolved,Configured firewall exceptions. Verified with user that issue is fixed.,Configured firewall exceptions. Verified with user that issue is fixed.,[],1.0,"Title: VPN problem: license expired
Description: The VPN has been license expired for the past few hours. OS: Windows 10. Please help.
Category: Software
Component: VPN
Severity: Medium",synthetic,U-000270
ITS-00272,Email account locked out,Email account locked out,Urgent: Email - account locked out. Multiple users reporting similar issues. Environment is Windows 10.,Urgent: Email - account locked out. Multiple users reporting similar issues. Environment is Windows 10.,Account,Email,Question,Low,Open,,,[],1.0,"Title: Email account locked out
Description: Urgent: Email - account locked out. Multiple users reporting similar issues. Environment is Windows 10.
Category: Account
Component: Email
Severity: Low",synthetic,U-000271
ITS-00273,[Hardware] Keyboard - no display output,[Hardware] Keyboard - no display output,My Keyboard is no display output. I've been experiencing this since this morning. Environment: Chrome OS.,My Keyboard is no display output. I've been experiencing this since this morning. Environment: Chrome OS.,Hardware,Keyboard,Question,Medium,Resolved,Cleaned internal fans. Verified with user that issue is fixed.,Cleaned internal fans. Verified with user that issue is fixed.,[],1.0,"Title: [Hardware] Keyboard - no display output
Description: My Keyboard is no display output. I've been experiencing this since this morning. Environment: Chrome OS.
Category: Hardware
Component: Keyboard
Severity: Medium",synthetic,U-000272
ITS-00274,[Account] Active Directory - password expired,[Account] Active Directory - password expired,Urgent: Active Directory - password expired. Multiple users reporting similar issues. Environment is Chrome OS.,Urgent: Active Directory - password expired. Multiple users reporting similar issues. Environment is Chrome OS.,Account,Active Directory,Service Request,Low,Open,,,[],1.0,"Title: [Account] Active Directory - password expired
Description: Urgent: Active Directory - password expired. Multiple users reporting similar issues. Environment is Chrome OS.
Category: Account
Component: Active Directory
Severity: Low",synthetic,U-000273
ITS-00275,Password problem: cannot access shared mailbox,Password problem: cannot access shared mailbox,"Hi, I need help. Password keeps cannot access shared mailbox. Started yesterday. I'm on Ubuntu 22.04.","Hi, I need help. Password keeps cannot access shared mailbox. Started yesterday. I'm on Ubuntu 22.04.",Account,Password,Question,Low,In Progress,,,[],1.0,"Title: Password problem: cannot access shared mailbox
Description: Hi, I need help. Password keeps cannot access shared mailbox. Started yesterday. I'm on Ubuntu 22.04.
Category: Account
Component: Password
Severity: Low",synthetic,U-000274
ITS-00276,[Software] VPN - license expired,[Software] VPN - license expired,Issue with VPN: license expired. This is affecting my work. Running on Windows 10.,Issue with VPN: license expired. This is affecting my work. Running on Windows 10.,Software,VPN,Service Request,Low,Open,,,[],1.0,"Title: [Software] VPN - license expired
Description: Issue with VPN: license expired. This is affecting my work. Running on Windows 10.
Category: Software
Component: VPN
Severity: Low",synthetic,U-000275
ITS-00277,Desktop slow performance,Desktop slow performance,Urgent: Desktop - slow performance. Multiple users reporting similar issues. Environment is macOS 14.,Urgent: Desktop - slow performance. Multiple users reporting similar issues. Environment is macOS 14.,Hardware,Desktop,Question,Critical,Resolved,Replaced battery. Verified with user that issue is fixed.,Replaced battery. Verified with user that issue is fixed.,[],1.0,"Title: Desktop slow performance
Description: Urgent: Desktop - slow performance. Multiple users reporting similar issues. Environment is macOS 14.
Category: Hardware
Component: Desktop
Severity: Critical",synthetic,U-000276
ITS-00278,Office 365 problem: update failed,Office 365 problem: update failed,"Hi, I need help. Office 365 keeps update failed. Started yesterday. I'm on Ubuntu 22.04.","Hi, I need help. Office 365 keeps update failed. Started yesterday. I'm on Ubuntu 22.04.",Software,Office 365,Bug,Critical,Closed,Renewed license through admin portal. Verified with user that issue is fixed.,Renewed license through admin portal. Verified with user that issue is fixed.,"[""365""]",1.0,"Title: Office 365 problem: update failed
Description: Hi, I need help. Office 365 keeps update failed. Started yesterday. I'm on Ubuntu 22.04.
Category: Software
Component: Office 365
Severity: Critical",synthetic,U-000277
ITS-00279,Laptop problem: slow performance,Laptop problem: slow performance,"Hi, I need help. Laptop keeps slow performance. Started yesterday. I'm on Windows 11.","Hi, I need help. Laptop keeps slow performance. Started yesterday. I'm on Windows 11.",Hardware,Laptop,Question,Medium,Closed,Performed hardware diagnostic. Verified with user that issue is fixed.,Performed hardware diagnostic. Verified with user that issue is fixed.,[],1.0,"Title: Laptop problem: slow performance
Description: Hi, I need help. Laptop keeps slow performance. Started yesterday. I'm on Windows 11.
Category: Hardware
Component: Laptop
Severity: Medium",synthetic,U-000278
ITS-00280,MFA problem: MFA not working,MFA problem: MFA not working,The MFA has been MFA not working for the past few hours. OS: Chrome OS. Please help.,The MFA has been MFA not working for the past few hours. OS: Chrome OS. Please help.,Account,MFA,Question,Medium,Closed,Created new account with standard template. Verified with user that issue is fixed.,Created new account with standard template. Verified with user that issue is fixed.,[],1.0,"Title: MFA problem: MFA not working
Description: The MFA has been MFA not working for the past few hours. OS: Chrome OS. Please help.
Category: Account
Component: MFA
Severity: Medium",synthetic,U-000279
ITS-00281,Keyboard keyboard keys stuck,Keyboard keyboard keys stuck,Issue with Keyboard: keyboard keys stuck. This is affecting my work. Running on macOS 14.,Issue with Keyboard: keyboard keys stuck. This is affecting my work. Running on macOS 14.,Hardware,Keyboard,Service Request,Medium,Open,,,[],1.0,"Title: Keyboard keyboard keys stuck
Description: Issue with Keyboard: keyboard keys stuck. This is affecting my work. Running on macOS 14.
Category: Hardware
Component: Keyboard
Severity: Medium",synthetic,U-000280
ITS-00282,[Hardware] Mouse - screen flickering,[Hardware] Mouse - screen flickering,Issue with Mouse: screen flickering. This is affecting my work. Running on macOS 14.,Issue with Mouse: screen flickering. This is affecting my work. Running on macOS 14.,Hardware,Mouse,Question,Low,Open,,,[],1.0,"Title: [Hardware] Mouse - screen flickering
Description: Issue with Mouse: screen flickering. This is affecting my work. Running on macOS 14.
Category: Hardware
Component: Mouse
Severity: Low",synthetic,U-000281
ITS-00283,SSO problem: MFA not working,SSO problem: MFA not working,My SSO is MFA not working. I've been experiencing this since this morning. Environment: macOS 14.,My SSO is MFA not working. I've been experiencing this since this morning. Environment: macOS 14.,Account,SSO,Service Request,High,Closed,Re-enrolled MFA device. Verified with user that issue is fixed.,Re-enrolled MFA device. Verified with user that issue is fixed.,[],1.0,"Title: SSO problem: MFA not working
Description: My SSO is MFA not working. I've been experiencing this since this morning. Environment: macOS 14.
Category: Account
Component: SSO
Severity: High",synthetic,U-000282
ITS-00284,[Software] VPN - missing features after update,[Software] VPN - missing features after update,"Hi, I need help. VPN keeps missing features after update. Started yesterday. I'm on Chrome OS.","Hi, I need help. VPN keeps missing features after update. Started yesterday. I'm on Chrome OS.",Software,VPN,Bug,Low,Resolved,Rolled back to previous version. Verified with user that issue is fixed.,Rolled back to previous version. Verified with user that issue is fixed.,[],1.0,"Title: [Software] VPN - missing features after update
Description: Hi, I need help. VPN keeps missing features after update. Started yesterday. I'm on Chrome OS.
Category: Software
Component: VPN
Severity: Low",synthetic,U-000283
ITS-00285,WiFi problem: cannot reach specific websites,WiFi problem: cannot reach specific websites,My WiFi is cannot reach specific websites. I've been experiencing this since this morning. Environment: Windows 11.,My WiFi is cannot reach specific websites. I've been experiencing this since this morning. Environment: Windows 11.,Network,WiFi,Service Request,High,Resolved,Flushed DNS cache. Verified with user that issue is fixed.,Flushed DNS cache. Verified with user that issue is fixed.,[],1.0,"Title: WiFi problem: cannot reach specific websites
Description: My WiFi is cannot reach specific websites. I've been experiencing this since this morning. Environment: Windows 11.
Category: Network
Component: WiFi
Severity: High",synthetic,U-000284
ITS-00286,Laptop blue screen of death,Laptop blue screen of death,Urgent: Laptop - blue screen of death. Multiple users reporting similar issues. Environment is Chrome OS.,Urgent: Laptop - blue screen of death. Multiple users reporting similar issues. Environment is Chrome OS.,Hardware,Laptop,Service Request,Medium,Resolved,Updated BIOS firmware. Verified with user that issue is fixed.,Updated BIOS firmware. Verified with user that issue is fixed.,[],1.0,"Title: Laptop blue screen of death
Description: Urgent: Laptop - blue screen of death. Multiple users reporting similar issues. Environment is Chrome OS.
Category: Hardware
Component: Laptop
Severity: Medium",synthetic,U-000285
ITS-00287,[Hardware] Mouse - not turning on,[Hardware] Mouse - not turning on,My Mouse is not turning on. I've been experiencing this since this morning. Environment: Windows 10.,My Mouse is not turning on. I've been experiencing this since this morning. Environment: Windows 10.,Hardware,Mouse,Bug,Medium,Open,,,[],1.0,"Title: [Hardware] Mouse - not turning on
Description: My Mouse is not turning on. I've been experiencing this since this morning. Environment: Windows 10.
Category: Hardware
Component: Mouse
Severity: Medium",synthetic,U-000286
ITS-00288,Mouse battery not charging,Mouse battery not charging,Urgent: Mouse - battery not charging. Multiple users reporting similar issues. Environment is Windows 11.,Urgent: Mouse - battery not charging. Multiple users reporting similar issues. Environment is Windows 11.,Hardware,Mouse,Bug,Low,In Progress,,,[],1.0,"Title: Mouse battery not charging
Description: Urgent: Mouse - battery not charging. Multiple users reporting similar issues. Environment is Windows 11.
Category: Hardware
Component: Mouse
Severity: Low",synthetic,U-000287
ITS-00289,Docking Station screen flickering,Docking Station screen flickering,"Hi, I need help. Docking Station keeps screen flickering. Started yesterday. I'm on Windows 10.","Hi, I need help. Docking Station keeps screen flickering. Started yesterday. I'm on Windows 10.",Hardware,Docking Station,Bug,Medium,Closed,Updated BIOS firmware. Verified with user that issue is fixed.,Updated BIOS firmware. Verified with user that issue is fixed.,[],1.0,"Title: Docking Station screen flickering
Description: Hi, I need help. Docking Station keeps screen flickering. Started yesterday. I'm on Windows 10.
Category: Hardware
Component: Docking Station
Severity: Medium",synthetic,U-000288
ITS-00290,Laptop problem: screen flickering,Laptop problem: screen flickering,"Hi, I need help. Laptop keeps screen flickering. Started yesterday. I'm on Chrome OS.","Hi, I need help. Laptop keeps screen flickering. Started yesterday. I'm on Chrome OS.",Hardware,Laptop,Service Request,Low,Closed,Updated device drivers. Verified with user that issue is fixed.,Updated device drivers. Verified with user that issue is fixed.,[],1.0,"Title: Laptop problem: screen flickering
Description: Hi, I need help. Laptop keeps screen flickering. Started yesterday. I'm on Chrome OS.
Category: Hardware
Component: Laptop
Severity: Low",synthetic,U-000289
ITS-00291,Monitor problem: freezing randomly,Monitor problem: freezing randomly,My Monitor is freezing randomly. I've been experiencing this since this morning. Environment: macOS 14.,My Monitor is freezing randomly. I've been experiencing this since this morning. Environment: macOS 14.,Hardware,Monitor,Service Request,Low,Open,,,[],1.0,"Title: Monitor problem: freezing randomly
Description: My Monitor is freezing randomly. I've been experiencing this since this morning. Environment: macOS 14.
Category: Hardware
Component: Monitor
Severity: Low",synthetic,U-000290
ITS-00292,Mouse problem: overheating,Mouse problem: overheating,The Mouse has been overheating for the past few hours. OS: Windows 11. Please help.,The Mouse has been overheating for the past few hours. OS: Windows 11. Please help.,Hardware,Mouse,Question,Medium,Open,,,[],1.0,"Title: Mouse problem: overheating
Description: The Mouse has been overheating for the past few hours. OS: Windows 11. Please help.
Category: Hardware
Component: Mouse
Severity: Medium",synthetic,U-000291
ITS-00293,MFA permission denied,MFA permission denied,Urgent: MFA - permission denied. Multiple users reporting similar issues. Environment is macOS 14.,Urgent: MFA - permission denied. Multiple users reporting similar issues. Environment is macOS 14.,Account,MFA,Service Request,Medium,Resolved,Granted appropriate permissions. Verified with user that issue is fixed.,Granted appropriate permissions. Verified with user that issue is fixed.,[],1.0,"Title: MFA permission denied
Description: Urgent: MFA - permission denied. Multiple users reporting similar issues. Environment is macOS 14.
Category: Account
Component: MFA
Severity: Medium",synthetic,U-000292
ITS-00294,Database failover did not trigger,Database failover did not trigger,Issue with Database: failover did not trigger. This is affecting my work. Running on macOS 14.,Issue with Database: failover did not trigger. This is affecting my work. Running on macOS 14.,Incident,Database,Incident,Low,In Progress,,,[],1.0,"Title: Database failover did not trigger
Description: Issue with Database: failover did not trigger. This is affecting my work. Running on macOS 14.
Category: Incident
Component: Database
Severity: Low",synthetic,U-000293
ITS-00295,SSO account locked out,SSO account locked out,Urgent: SSO - account locked out. Multiple users reporting similar issues. Environment is Windows 10.,Urgent: SSO - account locked out. Multiple users reporting similar issues. Environment is Windows 10.,Account,SSO,Bug,Medium,In Progress,,,[],1.0,"Title: SSO account locked out
Description: Urgent: SSO - account locked out. Multiple users reporting similar issues. Environment is Windows 10.
Category: Account
Component: SSO
Severity: Medium",synthetic,U-000294
ITS-00296,Monitor freezing randomly,Monitor freezing randomly,Issue with Monitor: freezing randomly. This is affecting my work. Running on macOS 14.,Issue with Monitor: freezing randomly. This is affecting my work. Running on macOS 14.,Hardware,Monitor,Service Request,Medium,Closed,Cleaned internal fans. Verified with user that issue is fixed.,Cleaned internal fans. Verified with user that issue is fixed.,[],1.0,"Title: Monitor freezing randomly
Description: Issue with Monitor: freezing randomly. This is affecting my work. Running on macOS 14.
Category: Hardware
Component: Monitor
Severity: Medium",synthetic,U-000295
ITS-00297,VPN cannot access internal resources,VPN cannot access internal resources,The VPN has been cannot access internal resources for the past few hours. OS: Windows 11. Please help.,The VPN has been cannot access internal resources for the past few hours. OS: Windows 11. Please help.,Network,VPN,Question,Critical,Closed,Flushed DNS cache. Verified with user that issue is fixed.,Flushed DNS cache. Verified with user that issue is fixed.,[],1.0,"Title: VPN cannot access internal resources
Description: The VPN has been cannot access internal resources for the past few hours. OS: Windows 11. Please help.
Category: Network
Component: VPN
Severity: Critical",synthetic,U-000296
ITS-00298,[Hardware] Docking Station - no display output,[Hardware] Docking Station - no display output,Urgent: Docking Station - no display output. Multiple users reporting similar issues. Environment is Windows 11.,Urgent: Docking Station - no display output. Multiple users reporting similar issues. Environment is Windows 11.,Hardware,Docking Station,Bug,Critical,Resolved,Replaced faulty component. Verified with user that issue is fixed.,Replaced faulty component. Verified with user that issue is fixed.,[],1.0,"Title: [Hardware] Docking Station - no display output
Description: Urgent: Docking Station - no display output. Multiple users reporting similar issues. Environment is Windows 11.
Category: Hardware
Component: Docking Station
Severity: Critical",synthetic,U-000297
ITS-00299,VPN slow internet speed,VPN slow internet speed,The VPN has been slow internet speed for the past few hours. OS: Windows 11. Please help.,The VPN has been slow internet speed for the past few hours. OS: Windows 11. Please help.,Network,VPN,Question,Medium,Closed,Assigned static IP. Verified with user that issue is fixed.,Assigned static IP. Verified with user that issue is fixed.,[],1.0,"Title: VPN slow internet speed
Description: The VPN has been slow internet speed for the past few hours. OS: Windows 11. Please help.
Category: Network
Component: VPN
Severity: Medium",synthetic,U-000298
ITS-00300,Web App service outage affecting all users,Web App service outage affecting all users,The Web App has been service outage affecting all users for the past few hours. OS: macOS 14. Please help.,The Web App has been service outage affecting all users for the past few hours. OS: macOS 14. Please help.,Incident,Web App,Incident,Medium,In Progress,,,[],1.0,"Title: Web App service outage affecting all users
Description: The Web App has been service outage affecting all users for the past few hours. OS: macOS 14. Please help.
Category: Incident
Component: Web App
Severity: Medium",synthetic,U-000299
ITS-00301,[Incident] Load Balancer - scheduled maintenance overran window,[Incident] Load Balancer - scheduled maintenance overran window,"Hi, I need help. Load Balancer keeps scheduled maintenance overran window. Started yesterday. I'm on Windows 11.","Hi, I need help. Load Balancer keeps scheduled maintenance overran window. Started yesterday. I'm on Windows 11.",Incident,Load Balancer,Incident,High,Resolved,Performed manual failover. Verified with user that issue is fixed.,Performed manual failover. Verified with user that issue is fixed.,[],1.0,"Title: [Incident] Load Balancer - scheduled maintenance overran window
Description: Hi, I need help. Load Balancer keeps scheduled maintenance overran window. Started yesterday. I'm on Windows 11.
Category: Incident
Component: Load Balancer
Severity: High",synthetic,U-000300
ITS-00302,Office 365 problem: update failed,Office 365 problem: update failed,Urgent: Office 365 - update failed. Multiple users reporting similar issues. Environment is Windows 11.,Urgent: Office 365 - update failed. Multiple users reporting similar issues. Environment is Windows 11.,Software,Office 365,Question,Medium,Open,,,"[""365""]",1.0,"Title: Office 365 problem: update failed
Description: Urgent: Office 365 - update failed. Multiple users reporting similar issues. Environment is Windows 11.
Category: Software
Component: Office 365
Severity: Medium",synthetic,U-000301
ITS-00303,[Incident] Database - degraded performance across region,[Incident] Database - degraded performance across region,The Database has been degraded performance across region for the past few hours. OS: Chrome OS. Please help.,The Database has been degraded performance across region for the past few hours. OS: Chrome OS. Please help.,Incident,Database,Incident,Medium,Closed,Freed disk space and set alerts. Verified with user that issue is fixed.,Freed disk space and set alerts. Verified with user that issue is fixed.,[],1.0,"Title: [Incident] Database - degraded performance across region
Description: The Database has been degraded performance across region for the past few hours. OS: Chrome OS. Please help.
Category: Incident
Component: Database
Severity: Medium",synthetic,U-000302
ITS-00304,Ethernet proxy authentication error,Ethernet proxy authentication error,My Ethernet is proxy authentication error. I've been experiencing this since this morning. Environment: macOS 14.,My Ethernet is proxy authentication error. I've been experiencing this since this morning. Environment: macOS 14.,Network,Ethernet,Bug,High,Resolved,Added firewall rule exception. Verified with user that issue is fixed.,Added firewall rule exception. Verified with user that issue is fixed.,[],1.0,"Title: Ethernet proxy authentication error
Description: My Ethernet is proxy authentication error. I've been experiencing this since this morning. Environment: macOS 14.
Category: Network
Component: Ethernet
Severity: High",synthetic,U-000303
ITS-00305,Ethernet problem: VPN connection drops,Ethernet problem: VPN connection drops,"Hi, I need help. Ethernet keeps VPN connection drops. Started yesterday. I'm on Windows 11.","Hi, I need help. Ethernet keeps VPN connection drops. Started yesterday. I'm on Windows 11.",Network,Ethernet,Bug,Medium,Resolved,Updated WiFi driver. Verified with user that issue is fixed.,Updated WiFi driver. Verified with user that issue is fixed.,[],1.0,"Title: Ethernet problem: VPN connection drops
Description: Hi, I need help. Ethernet keeps VPN connection drops. Started yesterday. I'm on Windows 11.
Category: Network
Component: Ethernet
Severity: Medium",synthetic,U-000304
ITS-00306,[Account] SSO - email forwarding setup,[Account] SSO - email forwarding setup,Urgent: SSO - email forwarding setup. Multiple users reporting similar issues. Environment is Windows 10.,Urgent: SSO - email forwarding setup. Multiple users reporting similar issues. Environment is Windows 10.,Account,SSO,Service Request,Medium,Resolved,Reset password and synced. Verified with user that issue is fixed.,Reset password and synced. Verified with user that issue is fixed.,[],1.0,"Title: [Account] SSO - email forwarding setup
Description: Urgent: SSO - email forwarding setup. Multiple users reporting similar issues. Environment is Windows 10.
Category: Account
Component: SSO
Severity: Medium",synthetic,U-000305
ITS-00307,Desktop problem: blue screen of death,Desktop problem: blue screen of death,Issue with Desktop: blue screen of death. This is affecting my work. Running on Windows 11.,Issue with Desktop: blue screen of death. This is affecting my work. Running on Windows 11.,Hardware,Desktop,Bug,Medium,Resolved,Updated device drivers. Verified with user that issue is fixed.,Updated device drivers. Verified with user that issue is fixed.,[],1.0,"Title: Desktop problem: blue screen of death
Description: Issue with Desktop: blue screen of death. This is affecting my work. Running on Windows 11.
Category: Hardware
Component: Desktop
Severity: Medium",synthetic,U-000306
ITS-00308,[Network] Firewall - VPN connection drops,[Network] Firewall - VPN connection drops,Issue with Firewall: VPN connection drops. This is affecting my work. Running on Ubuntu 22.04.,Issue with Firewall: VPN connection drops. This is affecting my work. Running on Ubuntu 22.04.,Network,Firewall,Bug,Low,In Progress,,,[],1.0,"Title: [Network] Firewall - VPN connection drops
Description: Issue with Firewall: VPN connection drops. This is affecting my work. Running on Ubuntu 22.04.
Category: Network
Component: Firewall
Severity: Low",synthetic,U-000307
ITS-00309,[Account] SSO - email forwarding setup,[Account] SSO - email forwarding setup,Issue with SSO: email forwarding setup. This is affecting my work. Running on Chrome OS.,Issue with SSO: email forwarding setup. This is affecting my work. Running on Chrome OS.,Account,SSO,Question,Medium,Closed,Re-enrolled MFA device. Verified with user that issue is fixed.,Re-enrolled MFA device. Verified with user that issue is fixed.,[],1.0,"Title: [Account] SSO - email forwarding setup
Description: Issue with SSO: email forwarding setup. This is affecting my work. Running on Chrome OS.
Category: Account
Component: SSO
Severity: Medium",synthetic,U-000308
ITS-00310,WiFi problem: IP conflict,WiFi problem: IP conflict,"Hi, I need help. WiFi keeps IP conflict. Started yesterday. I'm on Chrome OS.","Hi, I need help. WiFi keeps IP conflict. Started yesterday. I'm on Chrome OS.",Network,WiFi,Question,High,Closed,Reset network adapter. Verified with user that issue is fixed.,Reset network adapter. Verified with user that issue is fixed.,[],1.0,"Title: WiFi problem: IP conflict
Description: Hi, I need help. WiFi keeps IP conflict. Started yesterday. I'm on Chrome OS.
Category: Network
Component: WiFi
Severity: High",synthetic,U-000309
ITS-00311,Windows plugin not working,Windows plugin not working,Issue with Windows: plugin not working. This is affecting my work. Running on macOS 14.,Issue with Windows: plugin not working. This is affecting my work. Running on macOS 14.,Software,Windows,Question,Medium,Open,,,[],1.0,"Title: Windows plugin not working
Description: Issue with Windows: plugin not working. This is affecting my work. Running on macOS 14.
Category: Software
Component: Windows
Severity: Medium",synthetic,U-000310
ITS-00312,WiFi problem: cannot connect to WiFi,WiFi problem: cannot connect to WiFi,Issue with WiFi: cannot connect to WiFi. This is affecting my work. Running on Ubuntu 22.04.,Issue with WiFi: cannot connect to WiFi. This is affecting my work. Running on Ubuntu 22.04.,Network,WiFi,Bug,Low,Resolved,Replaced network cable. Verified with user that issue is fixed.,Replaced network cable. Verified with user that issue is fixed.,[],1.0,"Title: WiFi problem: cannot connect to WiFi
Description: Issue with WiFi: cannot connect to WiFi. This is affecting my work. Running on Ubuntu 22.04.
Category: Network
Component: WiFi
Severity: Low",synthetic,U-000311
ITS-00313,[Hardware] Keyboard - not turning on,[Hardware] Keyboard - not turning on,My Keyboard is not turning on. I've been experiencing this since this morning. Environment: macOS 14.,My Keyboard is not turning on. I've been experiencing this since this morning. Environment: macOS 14.,Hardware,Keyboard,Service Request,High,In Progress,,,[],1.0,"Title: [Hardware] Keyboard - not turning on
Description: My Keyboard is not turning on. I've been experiencing this since this morning. Environment: macOS 14.
Category: Hardware
Component: Keyboard
Severity: High",synthetic,U-000312
ITS-00314,[Account] Email - group membership change needed,[Account] Email - group membership change needed,"Hi, I need help. Email keeps group membership change needed. Started yesterday. I'm on Windows 10.","Hi, I need help. Email keeps group membership change needed. Started yesterday. I'm on Windows 10.",Account,Email,Bug,Medium,Closed,Granted appropriate permissions. Verified with user that issue is fixed.,Granted appropriate permissions. Verified with user that issue is fixed.,[],1.0,"Title: [Account] Email - group membership change needed
Description: Hi, I need help. Email keeps group membership change needed. Started yesterday. I'm on Windows 10.
Category: Account
Component: Email
Severity: Medium",synthetic,U-000313
ITS-00315,Proxy VPN connection drops,Proxy VPN connection drops,Issue with Proxy: VPN connection drops. This is affecting my work. Running on Windows 11.,Issue with Proxy: VPN connection drops. This is affecting my work. Running on Windows 11.,Network,Proxy,Question,Low,In Progress,,,[],1.0,"Title: Proxy VPN connection drops
Description: Issue with Proxy: VPN connection drops. This is affecting my work. Running on Windows 11.
Category: Network
Component: Proxy
Severity: Low",synthetic,U-000314
ITS-00316,DNS problem: IP conflict,DNS problem: IP conflict,My DNS is IP conflict. I've been experiencing this since this morning. Environment: Chrome OS.,My DNS is IP conflict. I've been experiencing this since this morning. Environment: Chrome OS.,Network,DNS,Service Request,Medium,Open,,,[],1.0,"Title: DNS problem: IP conflict
Description: My DNS is IP conflict. I've been experiencing this since this morning. Environment: Chrome OS.
Category: Network
Component: DNS
Severity: Medium",synthetic,U-000315
ITS-00317,[Software] Windows - not responding,[Software] Windows - not responding,"Hi, I need help. Windows keeps not responding. Started yesterday. I'm on Ubuntu 22.04.","Hi, I need help. Windows keeps not responding. Started yesterday. I'm on Ubuntu 22.04.",Software,Windows,Service Request,Medium,In Progress,,,[],1.0,"Title: [Software] Windows - not responding
Description: Hi, I need help. Windows keeps not responding. Started yesterday. I'm on Ubuntu 22.04.
Category: Software
Component: Windows
Severity: Medium",synthetic,U-000316
ITS-00318,Proxy problem: intermittent disconnections,Proxy problem: intermittent disconnections,Issue with Proxy: intermittent disconnections. This is affecting my work. Running on Chrome OS.,Issue with Proxy: intermittent disconnections. This is affecting my work. Running on Chrome OS.,Network,Proxy,Question,Medium,Resolved,Assigned static IP. Verified with user that issue is fixed.,Assigned static IP. Verified with user that issue is fixed.,[],1.0,"Title: Proxy problem: intermittent disconnections
Description: Issue with Proxy: intermittent disconnections. This is affecting my work. Running on Chrome OS.
Category: Network
Component: Proxy
Severity: Medium",synthetic,U-000317
ITS-00319,DNS problem: VPN connection drops,DNS problem: VPN connection drops,Issue with DNS: VPN connection drops. This is affecting my work. Running on Chrome OS.,Issue with DNS: VPN connection drops. This is affecting my work. Running on Chrome OS.,Network,DNS,Bug,Medium,Closed,Assigned static IP. Verified with user that issue is fixed.,Assigned static IP. Verified with user that issue is fixed.,[],1.0,"Title: DNS problem: VPN connection drops
Description: Issue with DNS: VPN connection drops. This is affecting my work. Running on Chrome OS.
Category: Network
Component: DNS
Severity: Medium",synthetic,U-000318
ITS-00320,Firewall intermittent disconnections,Firewall intermittent disconnections,My Firewall is intermittent disconnections. I've been experiencing this since this morning. Environment: macOS 14.,My Firewall is intermittent disconnections. I've been experiencing this since this morning. Environment: macOS 14.,Network,Firewall,Question,Medium,Closed,Added firewall rule exception. Verified with user that issue is fixed.,Added firewall rule exception. Verified with user that issue is fixed.,[],1.0,"Title: Firewall intermittent disconnections
Description: My Firewall is intermittent disconnections. I've been experiencing this since this morning. Environment: macOS 14.
Category: Network
Component: Firewall
Severity: Medium",synthetic,U-000319
ITS-00321,API Gateway unauthorized access attempt detected,API Gateway unauthorized access attempt detected,Issue with API Gateway: unauthorized access attempt detected. This is affecting my work. Running on Ubuntu 22.04.,Issue with API Gateway: unauthorized access attempt detected. This is affecting my work. Running on Ubuntu 22.04.,Incident,API Gateway,Incident,High,Resolved,Renewed SSL certificate and redeployed. Verified with user that issue is fixed.,Renewed SSL certificate and redeployed. Verified with user that issue is fixed.,[],1.0,"Title: API Gateway unauthorized access attempt detected
Description: Issue with API Gateway: unauthorized access attempt detected. This is affecting my work. Running on Ubuntu 22.04.
Category: Incident
Component: API Gateway
Severity: High",synthetic,U-000320
ITS-00322,WiFi cannot reach specific websites,WiFi cannot reach specific websites,Issue with WiFi: cannot reach specific websites. This is affecting my work. Running on Ubuntu 22.04.,Issue with WiFi: cannot reach specific websites. This is affecting my work. Running on Ubuntu 22.04.,Network,WiFi,Bug,Low,Resolved,Updated WiFi driver. Verified with user that issue is fixed.,Updated WiFi driver. Verified with user that issue is fixed.,[],1.0,"Title: WiFi cannot reach specific websites
Description: Issue with WiFi: cannot reach specific websites. This is affecting my work. Running on Ubuntu 22.04.
Category: Network
Component: WiFi
Severity: Low",synthetic,U-000321
ITS-00323,Outlook problem: update failed,Outlook problem: update failed,The Outlook has been update failed for the past few hours. OS: Windows 11. Please help.,The Outlook has been update failed for the past few hours. OS: Windows 11. Please help.,Software,Outlook,Service Request,Low,Resolved,Reinstalled application. Verified with user that issue is fixed.,Reinstalled application. Verified with user that issue is fixed.,[],1.0,"Title: Outlook problem: update failed
Description: The Outlook has been update failed for the past few hours. OS: Windows 11. Please help.
Category: Software
Component: Outlook
Severity: Low",synthetic,U-000322
ITS-00324,[Network] Proxy - VPN connection drops,[Network] Proxy - VPN connection drops,Urgent: Proxy - VPN connection drops. Multiple users reporting similar issues. Environment is Windows 11.,Urgent: Proxy - VPN connection drops. Multiple users reporting similar issues. Environment is Windows 11.,Network,Proxy,Question,Low,Open,,,[],1.0,"Title: [Network] Proxy - VPN connection drops
Description: Urgent: Proxy - VPN connection drops. Multiple users reporting similar issues. Environment is Windows 11.
Category: Network
Component: Proxy
Severity: Low",synthetic,U-000323
ITS-00325,[Software] Office 365 - not syncing properly,[Software] Office 365 - not syncing properly,Urgent: Office 365 - not syncing properly. Multiple users reporting similar issues. Environment is Ubuntu 22.04.,Urgent: Office 365 - not syncing properly. Multiple users reporting similar issues. Environment is Ubuntu 22.04.,Software,Office 365,Bug,Low,Resolved,Renewed license through admin portal. Verified with user that issue is fixed.,Renewed license through admin portal. Verified with user that issue is fixed.,"[""365""]",1.0,"Title: [Software] Office 365 - not syncing properly
Description: Urgent: Office 365 - not syncing properly. Multiple users reporting similar issues. Environment is Ubuntu 22.04.
Category: Software
Component: Office 365
Severity: Low",synthetic,U-000324
ITS-00326,SSO group membership change needed,SSO group membership change needed,The SSO has been group membership change needed for the past few hours. OS: Windows 10. Please help.,The SSO has been group membership change needed for the past few hours. OS: Windows 10. Please help.,Account,SSO,Bug,Medium,Closed,Reset password and synced. Verified with user that issue is fixed.,Reset password and synced. Verified with user that issue is fixed.,[],1.0,"Title: SSO group membership change needed
Description: The SSO has been group membership change needed for the past few hours. OS: Windows 10. Please help.
Category: Account
Component: SSO
Severity: Medium",synthetic,U-000325
ITS-00327,[Hardware] Monitor - no display output,[Hardware] Monitor - no display output,The Monitor has been no display output for the past few hours. OS: Ubuntu 22.04. Please help.,The Monitor has been no display output for the past few hours. OS: Ubuntu 22.04. Please help.,Hardware,Monitor,Question,High,Resolved,Replaced battery. Verified with user that issue is fixed.,Replaced battery. Verified with user that issue is fixed.,[],1.0,"Title: [Hardware] Monitor - no display output
Description: The Monitor has been no display output for the past few hours. OS: Ubuntu 22.04. Please help.
Category: Hardware
Component: Monitor
Severity: High",synthetic,U-000326
ITS-00328,Windows license expired,Windows license expired,The Windows has been license expired for the past few hours. OS: Windows 11. Please help.,The Windows has been license expired for the past few hours. OS: Windows 11. Please help.,Software,Windows,Question,Medium,Resolved,Reset user profile. Verified with user that issue is fixed.,Reset user profile. Verified with user that issue is fixed.,[],1.0,"Title: Windows license expired
Description: The Windows has been license expired for the past few hours. OS: Windows 11. Please help.
Category: Software
Component: Windows
Severity: Medium",synthetic,U-000327
ITS-00329,Web App service outage affecting all users,Web App service outage affecting all users,Issue with Web App: service outage affecting all users. This is affecting my work. Running on Chrome OS.,Issue with Web App: service outage affecting all users. This is affecting my work. Running on Chrome OS.,Incident,Web App,Incident,Low,Open,,,[],1.0,"Title: Web App service outage affecting all users
Description: Issue with Web App: service outage affecting all users. This is affecting my work. Running on Chrome OS.
Category: Incident
Component: Web App
Severity: Low",synthetic,U-000328
ITS-00330,Outlook problem: update failed,Outlook problem: update failed,The Outlook has been update failed for the past few hours. OS: Ubuntu 22.04. Please help.,The Outlook has been update failed for the past few hours. OS: Ubuntu 22.04. Please help.,Software,Outlook,Question,Medium,In Progress,,,[],1.0,"Title: Outlook problem: update failed
Description: The Outlook has been update failed for the past few hours. OS: Ubuntu 22.04. Please help.
Category: Software
Component: Outlook
Severity: Medium",synthetic,U-000329
ITS-00331,SAP problem: not syncing properly,SAP problem: not syncing properly,Issue with SAP: not syncing properly. This is affecting my work. Running on macOS 14.,Issue with SAP: not syncing properly. This is affecting my work. Running on macOS 14.,Software,SAP,Bug,Critical,Closed,Configured firewall exceptions. Verified with user that issue is fixed.,Configured firewall exceptions. Verified with user that issue is fixed.,[],1.0,"Title: SAP problem: not syncing properly
Description: Issue with SAP: not syncing properly. This is affecting my work. Running on macOS 14.
Category: Software
Component: SAP
Severity: Critical",synthetic,U-000330
ITS-00332,[Software] Teams - not responding,[Software] Teams - not responding,Urgent: Teams - not responding. Multiple users reporting similar issues. Environment is Chrome OS.,Urgent: Teams - not responding. Multiple users reporting similar issues. Environment is Chrome OS.,Software,Teams,Service Request,High,Closed,Configured firewall exceptions. Verified with user that issue is fixed.,Configured firewall exceptions. Verified with user that issue is fixed.,[],1.0,"Title: [Software] Teams - not responding
Description: Urgent: Teams - not responding. Multiple users reporting similar issues. Environment is Chrome OS.
Category: Software
Component: Teams
Severity: High",synthetic,U-000331
ITS-00333,[Incident] API Gateway - data sync failure between systems,[Incident] API Gateway - data sync failure between systems,"Hi, I need help. API Gateway keeps data sync failure between systems. Started yesterday. I'm on macOS 14.","Hi, I need help. API Gateway keeps data sync failure between systems. Started yesterday. I'm on macOS 14.",Incident,API Gateway,Incident,High,Resolved,Renewed SSL certificate and redeployed. Verified with user that issue is fixed.,Renewed SSL certificate and redeployed. Verified with user that issue is fixed.,[],1.0,"Title: [Incident] API Gateway - data sync failure between systems
Description: Hi, I need help. API Gateway keeps data sync failure between systems. Started yesterday. I'm on macOS 14.
Category: Incident
Component: API Gateway
Severity: High",synthetic,U-000332
ITS-00334,Web App unauthorized access attempt detected,Web App unauthorized access attempt detected,Issue with Web App: unauthorized access attempt detected. This is affecting my work. Running on Chrome OS.,Issue with Web App: unauthorized access attempt detected. This is affecting my work. Running on Chrome OS.,Incident,Web App,Incident,Medium,Open,,,[],1.0,"Title: Web App unauthorized access attempt detected
Description: Issue with Web App: unauthorized access attempt detected. This is affecting my work. Running on Chrome OS.
Category: Incident
Component: Web App
Severity: Medium",synthetic,U-000333
ITS-00335,VPN cannot access internal resources,VPN cannot access internal resources,My VPN is cannot access internal resources. I've been experiencing this since this morning. Environment: Ubuntu 22.04.,My VPN is cannot access internal resources. I've been experiencing this since this morning. Environment: Ubuntu 22.04.,Network,VPN,Bug,Critical,Closed,Flushed DNS cache. Verified with user that issue is fixed.,Flushed DNS cache. Verified with user that issue is fixed.,[],1.0,"Title: VPN cannot access internal resources
Description: My VPN is cannot access internal resources. I've been experiencing this since this morning. Environment: Ubuntu 22.04.
Category: Network
Component: VPN
Severity: Critical",synthetic,U-000334
ITS-00336,[Account] SSO - group membership change needed,[Account] SSO - group membership change needed,Urgent: SSO - group membership change needed. Multiple users reporting similar issues. Environment is Ubuntu 22.04.,Urgent: SSO - group membership change needed. Multiple users reporting similar issues. Environment is Ubuntu 22.04.,Account,SSO,Service Request,High,Resolved,Granted appropriate permissions. Verified with user that issue is fixed.,Granted appropriate permissions. Verified with user that issue is fixed.,[],1.0,"Title: [Account] SSO - group membership change needed
Description: Urgent: SSO - group membership change needed. Multiple users reporting similar issues. Environment is Ubuntu 22.04.
Category: Account
Component: SSO
Severity: High",synthetic,U-000335
ITS-00337,Database problem: data sync failure between systems,Database problem: data sync failure between systems,Issue with Database: data sync failure between systems. This is affecting my work. Running on Windows 10.,Issue with Database: data sync failure between systems. This is affecting my work. Running on Windows 10.,Incident,Database,Incident,High,In Progress,,,[],1.0,"Title: Database problem: data sync failure between systems
Description: Issue with Database: data sync failure between systems. This is affecting my work. Running on Windows 10.
Category: Incident
Component: Database
Severity: High",synthetic,U-000336
ITS-00338,[Hardware] Keyboard - not turning on,[Hardware] Keyboard - not turning on,Issue with Keyboard: not turning on. This is affecting my work. Running on Ubuntu 22.04.,Issue with Keyboard: not turning on. This is affecting my work. Running on Ubuntu 22.04.,Hardware,Keyboard,Question,Medium,Resolved,Updated BIOS firmware. Verified with user that issue is fixed.,Updated BIOS firmware. Verified with user that issue is fixed.,[],1.0,"Title: [Hardware] Keyboard - not turning on
Description: Issue with Keyboard: not turning on. This is affecting my work. Running on Ubuntu 22.04.
Category: Hardware
Component: Keyboard
Severity: Medium",synthetic,U-000337
ITS-00339,[Account] MFA - cannot access shared mailbox,[Account] MFA - cannot access shared mailbox,"Hi, I need help. MFA keeps cannot access shared mailbox. Started yesterday. I'm on Windows 11.","Hi, I need help. MFA keeps cannot access shared mailbox. Started yesterday. I'm on Windows 11.",Account,MFA,Service Request,Low,In Progress,,,[],1.0,"Title: [Account] MFA - cannot access shared mailbox
Description: Hi, I need help. MFA keeps cannot access shared mailbox. Started yesterday. I'm on Windows 11.
Category: Account
Component: MFA
Severity: Low",synthetic,U-000338
ITS-00340,[Incident] Email Server - memory exhaustion on app server,[Incident] Email Server - memory exhaustion on app server,Issue with Email Server: memory exhaustion on app server. This is affecting my work. Running on Windows 11.,Issue with Email Server: memory exhaustion on app server. This is affecting my work. Running on Windows 11.,Incident,Email Server,Incident,High,Resolved,Applied emergency patch. Verified with user that issue is fixed.,Applied emergency patch. Verified with user that issue is fixed.,[],1.0,"Title: [Incident] Email Server - memory exhaustion on app server
Description: Issue with Email Server: memory exhaustion on app server. This is affecting my work. Running on Windows 11.
Category: Incident
Component: Email Server
Severity: High",synthetic,U-000339
ITS-00341,Monitor problem: keyboard keys stuck,Monitor problem: keyboard keys stuck,Urgent: Monitor - keyboard keys stuck. Multiple users reporting similar issues. Environment is Windows 10.,Urgent: Monitor - keyboard keys stuck. Multiple users reporting similar issues. Environment is Windows 10.,Hardware,Monitor,Service Request,Low,Open,,,[],1.0,"Title: Monitor problem: keyboard keys stuck
Description: Urgent: Monitor - keyboard keys stuck. Multiple users reporting similar issues. Environment is Windows 10.
Category: Hardware
Component: Monitor
Severity: Low",synthetic,U-000340
ITS-00342,[Software] SAP - plugin not working,[Software] SAP - plugin not working,"Hi, I need help. SAP keeps plugin not working. Started yesterday. I'm on macOS 14.","Hi, I need help. SAP keeps plugin not working. Started yesterday. I'm on macOS 14.",Software,SAP,Bug,High,Open,,,[],1.0,"Title: [Software] SAP - plugin not working
Description: Hi, I need help. SAP keeps plugin not working. Started yesterday. I'm on macOS 14.
Category: Software
Component: SAP
Severity: High",synthetic,U-000341
ITS-00343,VPN problem: network drive not mapping,VPN problem: network drive not mapping,My VPN is network drive not mapping. I've been experiencing this since this morning. Environment: Ubuntu 22.04.,My VPN is network drive not mapping. I've been experiencing this since this morning. Environment: Ubuntu 22.04.,Network,VPN,Service Request,Low,Open,,,[],1.0,"Title: VPN problem: network drive not mapping
Description: My VPN is network drive not mapping. I've been experiencing this since this morning. Environment: Ubuntu 22.04.
Category: Network
Component: VPN
Severity: Low",synthetic,U-000342
ITS-00344,WiFi intermittent disconnections,WiFi intermittent disconnections,"Hi, I need help. WiFi keeps intermittent disconnections. Started yesterday. I'm on Windows 11.","Hi, I need help. WiFi keeps intermittent disconnections. Started yesterday. I'm on Windows 11.",Network,WiFi,Question,Medium,Resolved,Assigned static IP. Verified with user that issue is fixed.,Assigned static IP. Verified with user that issue is fixed.,[],1.0,"Title: WiFi intermittent disconnections
Description: Hi, I need help. WiFi keeps intermittent disconnections. Started yesterday. I'm on Windows 11.
Category: Network
Component: WiFi
Severity: Medium",synthetic,U-000343
ITS-00345,[Account] Password - email forwarding setup,[Account] Password - email forwarding setup,The Password has been email forwarding setup for the past few hours. OS: Windows 10. Please help.,The Password has been email forwarding setup for the past few hours. OS: Windows 10. Please help.,Account,Password,Question,Medium,Open,,,[],1.0,"Title: [Account] Password - email forwarding setup
Description: The Password has been email forwarding setup for the past few hours. OS: Windows 10. Please help.
Category: Account
Component: Password
Severity: Medium",synthetic,U-000344
ITS-00346,Web App backup job failed overnight,Web App backup job failed overnight,My Web App is backup job failed overnight. I've been experiencing this since this morning. Environment: macOS 14.,My Web App is backup job failed overnight. I've been experiencing this since this morning. Environment: macOS 14.,Incident,Web App,Incident,Medium,In Progress,,,[],1.0,"Title: Web App backup job failed overnight
Description: My Web App is backup job failed overnight. I've been experiencing this since this morning. Environment: macOS 14.
Category: Incident
Component: Web App
Severity: Medium",synthetic,U-000345
ITS-00347,Office 365 problem: update failed,Office 365 problem: update failed,"Hi, I need help. Office 365 keeps update failed. Started yesterday. I'm on Windows 10.","Hi, I need help. Office 365 keeps update failed. Started yesterday. I'm on Windows 10.",Software,Office 365,Service Request,Medium,Closed,Renewed license through admin portal. Verified with user that issue is fixed.,Renewed license through admin portal. Verified with user that issue is fixed.,"[""365""]",1.0,"Title: Office 365 problem: update failed
Description: Hi, I need help. Office 365 keeps update failed. Started yesterday. I'm on Windows 10.
Category: Software
Component: Office 365
Severity: Medium",synthetic,U-000346
ITS-00348,Password SSO login loop,Password SSO login loop,Issue with Password: SSO login loop. This is affecting my work. Running on Ubuntu 22.04.,Issue with Password: SSO login loop. This is affecting my work. Running on Ubuntu 22.04.,Account,Password,Service Request,Medium,Open,,,[],1.0,"Title: Password SSO login loop
Description: Issue with Password: SSO login loop. This is affecting my work. Running on Ubuntu 22.04.
Category: Account
Component: Password
Severity: Medium",synthetic,U-000347
ITS-00349,[Incident] Web App - disk space critical on production server,[Incident] Web App - disk space critical on production server,My Web App is disk space critical on production server. I've been experiencing this since this morning. Environment: Chrome OS.,My Web App is disk space critical on production server. I've been experiencing this since this morning. Environment: Chrome OS.,Incident,Web App,Incident,Medium,Open,,,[],1.0,"Title: [Incident] Web App - disk space critical on production server
Description: My Web App is disk space critical on production server. I've been experiencing this since this morning. Environment: Chrome OS.
Category: Incident
Component: Web App
Severity: Medium",synthetic,U-000348
ITS-00350,Docking Station problem: blue screen of death,Docking Station problem: blue screen of death,Urgent: Docking Station - blue screen of death. Multiple users reporting similar issues. Environment is macOS 14.,Urgent: Docking Station - blue screen of death. Multiple users reporting similar issues. Environment is macOS 14.,Hardware,Docking Station,Service Request,Medium,Resolved,Replaced faulty component. Verified with user that issue is fixed.,Replaced faulty component. Verified with user that issue is fixed.,[],1.0,"Title: Docking Station problem: blue screen of death
Description: Urgent: Docking Station - blue screen of death. Multiple users reporting similar issues. Environment is macOS 14.
Category: Hardware
Component: Docking Station
Severity: Medium",synthetic,U-000349
ITS-00351,[Hardware] Keyboard - screen flickering,[Hardware] Keyboard - screen flickering,"Hi, I need help. Keyboard keeps screen flickering. Started yesterday. I'm on Chrome OS.","Hi, I need help. Keyboard keeps screen flickering. Started yesterday. I'm on Chrome OS.",Hardware,Keyboard,Question,Low,Open,,,[],1.0,"Title: [Hardware] Keyboard - screen flickering
Description: Hi, I need help. Keyboard keeps screen flickering. Started yesterday. I'm on Chrome OS.
Category: Hardware
Component: Keyboard
Severity: Low",synthetic,U-000350
ITS-00352,WiFi cannot connect to WiFi,WiFi cannot connect to WiFi,The WiFi has been cannot connect to WiFi for the past few hours. OS: Ubuntu 22.04. Please help.,The WiFi has been cannot connect to WiFi for the past few hours. OS: Ubuntu 22.04. Please help.,Network,WiFi,Bug,Low,In Progress,,,[],1.0,"Title: WiFi cannot connect to WiFi
Description: The WiFi has been cannot connect to WiFi for the past few hours. OS: Ubuntu 22.04. Please help.
Category: Network
Component: WiFi
Severity: Low",synthetic,U-000351
ITS-00353,WiFi problem: cannot reach specific websites,WiFi problem: cannot reach specific websites,Urgent: WiFi - cannot reach specific websites. Multiple users reporting similar issues. Environment is Windows 11.,Urgent: WiFi - cannot reach specific websites. Multiple users reporting similar issues. Environment is Windows 11.,Network,WiFi,Bug,Low,Resolved,Reconfigured proxy settings. Verified with user that issue is fixed.,Reconfigured proxy settings. Verified with user that issue is fixed.,[],1.0,"Title: WiFi problem: cannot reach specific websites
Description: Urgent: WiFi - cannot reach specific websites. Multiple users reporting similar issues. Environment is Windows 11.
Category: Network
Component: WiFi
Severity: Low",synthetic,U-000352
ITS-00354,Keyboard cracked screen,Keyboard cracked screen,My Keyboard is cracked screen. I've been experiencing this since this morning. Environment: macOS 14.,My Keyboard is cracked screen. I've been experiencing this since this morning. Environment: macOS 14.,Hardware,Keyboard,Service Request,Low,Resolved,Updated BIOS firmware. Verified with user that issue is fixed.,Updated BIOS firmware. Verified with user that issue is fixed.,[],1.0,"Title: Keyboard cracked screen
Description: My Keyboard is cracked screen. I've been experiencing this since this morning. Environment: macOS 14.
Category: Hardware
Component: Keyboard
Severity: Low",synthetic,U-000353
ITS-00355,Database problem: unauthorized access attempt detected,Database problem: unauthorized access attempt detected,"Hi, I need help. Database keeps unauthorized access attempt detected. Started yesterday. I'm on Windows 11.","Hi, I need help. Database keeps unauthorized access attempt detected. Started yesterday. I'm on Windows 11.",Incident,Database,Incident,Medium,In Progress,,,[],1.0,"Title: Database problem: unauthorized access attempt detected
Description: Hi, I need help. Database keeps unauthorized access attempt detected. Started yesterday. I'm on Windows 11.
Category: Incident
Component: Database
Severity: Medium",synthetic,U-000354
ITS-00356,SAP problem: not responding,SAP problem: not responding,Issue with SAP: not responding. This is affecting my work. Running on Chrome OS.,Issue with SAP: not responding. This is affecting my work. Running on Chrome OS.,Software,SAP,Question,Low,Open,,,[],1.0,"Title: SAP problem: not responding
Description: Issue with SAP: not responding. This is affecting my work. Running on Chrome OS.
Category: Software
Component: SAP
Severity: Low",synthetic,U-000355
ITS-00357,Load Balancer disk space critical on production server,Load Balancer disk space critical on production server,"Hi, I need help. Load Balancer keeps disk space critical on production server. Started yesterday. I'm on Chrome OS.","Hi, I need help. Load Balancer keeps disk space critical on production server. Started yesterday. I'm on Chrome OS.",Incident,Load Balancer,Incident,Low,In Progress,,,[],1.0,"Title: Load Balancer disk space critical on production server
Description: Hi, I need help. Load Balancer keeps disk space critical on production server. Started yesterday. I'm on Chrome OS.
Category: Incident
Component: Load Balancer
Severity: Low",synthetic,U-000356
ITS-00358,[Hardware] Docking Station - overheating,[Hardware] Docking Station - overheating,The Docking Station has been overheating for the past few hours. OS: Chrome OS. Please help.,The Docking Station has been overheating for the past few hours. OS: Chrome OS. Please help.,Hardware,Docking Station,Question,Medium,Resolved,Updated BIOS firmware. Verified with user that issue is fixed.,Updated BIOS firmware. Verified with user that issue is fixed.,[],1.0,"Title: [Hardware] Docking Station - overheating
Description: The Docking Station has been overheating for the past few hours. OS: Chrome OS. Please help.
Category: Hardware
Component: Docking Station
Severity: Medium",synthetic,U-000357
ITS-00359,Desktop problem: not turning on,Desktop problem: not turning on,Issue with Desktop: not turning on. This is affecting my work. Running on Windows 10.,Issue with Desktop: not turning on. This is affecting my work. Running on Windows 10.,Hardware,Desktop,Service Request,High,Open,,,[],1.0,"Title: Desktop problem: not turning on
Description: Issue with Desktop: not turning on. This is affecting my work. Running on Windows 10.
Category: Hardware
Component: Desktop
Severity: High",synthetic,U-000358
ITS-00360,Password SSO login loop,Password SSO login loop,Issue with Password: SSO login loop. This is affecting my work. Running on macOS 14.,Issue with Password: SSO login loop. This is affecting my work. Running on macOS 14.,Account,Password,Bug,Medium,In Progress,,,[],1.0,"Title: Password SSO login loop
Description: Issue with Password: SSO login loop. This is affecting my work. Running on macOS 14.
Category: Account
Component: Password
Severity: Medium",synthetic,U-000359
ITS-00361,Web App problem: failover did not trigger,Web App problem: failover did not trigger,Urgent: Web App - failover did not trigger. Multiple users reporting similar issues. Environment is Chrome OS.,Urgent: Web App - failover did not trigger. Multiple users reporting similar issues. Environment is Chrome OS.,Incident,Web App,Incident,Low,Open,,,[],1.0,"Title: Web App problem: failover did not trigger
Description: Urgent: Web App - failover did not trigger. Multiple users reporting similar issues. Environment is Chrome OS.
Category: Incident
Component: Web App
Severity: Low",synthetic,U-000360
ITS-00362,Teams problem: update failed,Teams problem: update failed,My Teams is update failed. I've been experiencing this since this morning. Environment: Chrome OS.,My Teams is update failed. I've been experiencing this since this morning. Environment: Chrome OS.,Software,Teams,Bug,Medium,Resolved,Configured firewall exceptions. Verified with user that issue is fixed.,Configured firewall exceptions. Verified with user that issue is fixed.,[],1.0,"Title: Teams problem: update failed
Description: My Teams is update failed. I've been experiencing this since this morning. Environment: Chrome OS.
Category: Software
Component: Teams
Severity: Medium",synthetic,U-000361
ITS-00363,[Software] Antivirus - update failed,[Software] Antivirus - update failed,The Antivirus has been update failed for the past few hours. OS: Windows 10. Please help.,The Antivirus has been update failed for the past few hours. OS: Windows 10. Please help.,Software,Antivirus,Service Request,Medium,In Progress,,,[],1.0,"Title: [Software] Antivirus - update failed
Description: The Antivirus has been update failed for the past few hours. OS: Windows 10. Please help.
Category: Software
Component: Antivirus
Severity: Medium",synthetic,U-000362
ITS-00364,Monitor slow performance,Monitor slow performance,The Monitor has been slow performance for the past few hours. OS: Ubuntu 22.04. Please help.,The Monitor has been slow performance for the past few hours. OS: Ubuntu 22.04. Please help.,Hardware,Monitor,Bug,Critical,In Progress,,,[],1.0,"Title: Monitor slow performance
Description: The Monitor has been slow performance for the past few hours. OS: Ubuntu 22.04. Please help.
Category: Hardware
Component: Monitor
Severity: Critical",synthetic,U-000363
ITS-00365,Teams problem: error code 0x80070005,Teams problem: error code [HEX],My Teams is error code 0x80070005. I've been experiencing this since this morning. Environment: Windows 10.,My Teams is error code [HEX]. I've been experiencing this since this morning. Environment: Windows 10.,Software,Teams,Bug,Critical,Closed,Reinstalled application. Verified with user that issue is fixed.,Reinstalled application. Verified with user that issue is fixed.,"[""0x80070005"", ""0""]",1.0,"Title: Teams problem: error code [HEX]
Description: My Teams is error code [HEX]. I've been experiencing this since this morning. Environment: Windows 10.
Category: Software
Component: Teams
Severity: Critical",synthetic,U-000364
ITS-00366,[Account] Password - account deactivation request,[Account] Password - account deactivation request,Urgent: Password - account deactivation request. Multiple users reporting similar issues. Environment is Windows 10.,Urgent: Password - account deactivation request. Multiple users reporting similar issues. Environment is Windows 10.,Account,Password,Bug,Low,Closed,Granted appropriate permissions. Verified with user that issue is fixed.,Granted appropriate permissions. Verified with user that issue is fixed.,[],1.0,"Title: [Account] Password - account deactivation request
Description: Urgent: Password - account deactivation request. Multiple users reporting similar issues. Environment is Windows 10.
Category: Account
Component: Password
Severity: Low",synthetic,U-000365
ITS-00367,Email Server disk space critical on production server,Email Server disk space critical on production server,"Hi, I need help. Email Server keeps disk space critical on production server. Started yesterday. I'm on Chrome OS.","Hi, I need help. Email Server keeps disk space critical on production server. Started yesterday. I'm on Chrome OS.",Incident,Email Server,Incident,Low,In Progress,,,[],1.0,"Title: Email Server disk space critical on production server
Description: Hi, I need help. Email Server keeps disk space critical on production server. Started yesterday. I'm on Chrome OS.
Category: Incident
Component: Email Server
Severity: Low",synthetic,U-000366
ITS-00368,Mouse not connecting to docking station,Mouse not connecting to docking station,The Mouse has been not connecting to docking station for the past few hours. OS: Windows 10. Please help.,The Mouse has been not connecting to docking station for the past few hours. OS: Windows 10. Please help.,Hardware,Mouse,Bug,Low,Closed,Cleaned internal fans. Verified with user that issue is fixed.,Cleaned internal fans. Verified with user that issue is fixed.,[],1.0,"Title: Mouse not connecting to docking station
Description: The Mouse has been not connecting to docking station for the past few hours. OS: Windows 10. Please help.
Category: Hardware
Component: Mouse
Severity: Low",synthetic,U-000367
ITS-00369,Web App failover did not trigger,Web App failover did not trigger,Urgent: Web App - failover did not trigger. Multiple users reporting similar issues. Environment is Ubuntu 22.04.,Urgent: Web App - failover did not trigger. Multiple users reporting similar issues. Environment is Ubuntu 22.04.,Incident,Web App,Incident,High,In Progress,,,[],1.0,"Title: Web App failover did not trigger
Description: Urgent: Web App - failover did not trigger. Multiple users reporting similar issues. Environment is Ubuntu 22.04.
Category: Incident
Component: Web App
Severity: High",synthetic,U-000368
ITS-00370,VPN problem: slow internet speed,VPN problem: slow internet speed,The VPN has been slow internet speed for the past few hours. OS: Windows 11. Please help.,The VPN has been slow internet speed for the past few hours. OS: Windows 11. Please help.,Network,VPN,Question,Medium,In Progress,,,[],1.0,"Title: VPN problem: slow internet speed
Description: The VPN has been slow internet speed for the past few hours. OS: Windows 11. Please help.
Category: Network
Component: VPN
Severity: Medium",synthetic,U-000369
ITS-00371,Web App failover did not trigger,Web App failover did not trigger,"Hi, I need help. Web App keeps failover did not trigger. Started yesterday. I'm on Windows 11.","Hi, I need help. Web App keeps failover did not trigger. Started yesterday. I'm on Windows 11.",Incident,Web App,Incident,Medium,Resolved,Restarted affected services. Verified with user that issue is fixed.,Restarted affected services. Verified with user that issue is fixed.,[],1.0,"Title: Web App failover did not trigger
Description: Hi, I need help. Web App keeps failover did not trigger. Started yesterday. I'm on Windows 11.
Category: Incident
Component: Web App
Severity: Medium",synthetic,U-000370
ITS-00372,SSO group membership change needed,SSO group membership change needed,Urgent: SSO - group membership change needed. Multiple users reporting similar issues. Environment is Windows 11.,Urgent: SSO - group membership change needed. Multiple users reporting similar issues. Environment is Windows 11.,Account,SSO,Question,Low,In Progress,,,[],1.0,"Title: SSO group membership change needed
Description: Urgent: SSO - group membership change needed. Multiple users reporting similar issues. Environment is Windows 11.
Category: Account
Component: SSO
Severity: Low",synthetic,U-000371
ITS-00373,Teams problem: compatibility issue,Teams problem: compatibility issue,The Teams has been compatibility issue for the past few hours. OS: macOS 14. Please help.,The Teams has been compatibility issue for the past few hours. OS: macOS 14. Please help.,Software,Teams,Service Request,Medium,Open,,,[],1.0,"Title: Teams problem: compatibility issue
Description: The Teams has been compatibility issue for the past few hours. OS: macOS 14. Please help.
Category: Software
Component: Teams
Severity: Medium",synthetic,U-000372
ITS-00374,MFA problem: account locked out,MFA problem: account locked out,Issue with MFA: account locked out. This is affecting my work. Running on macOS 14.,Issue with MFA: account locked out. This is affecting my work. Running on macOS 14.,Account,MFA,Question,Low,Open,,,[],1.0,"Title: MFA problem: account locked out
Description: Issue with MFA: account locked out. This is affecting my work. Running on macOS 14.
Category: Account
Component: MFA
Severity: Low",synthetic,U-000373
ITS-00375,[Incident] Email Server - scheduled maintenance overran window,[Incident] Email Server - scheduled maintenance overran window,Urgent: Email Server - scheduled maintenance overran window. Multiple users reporting similar issues. Environment is macOS 14.,Urgent: Email Server - scheduled maintenance overran window. Multiple users reporting similar issues. Environment is macOS 14.,Incident,Email Server,Incident,Low,In Progress,,,[],1.0,"Title: [Incident] Email Server - scheduled maintenance overran window
Description: Urgent: Email Server - scheduled maintenance overran window. Multiple users reporting similar issues. Environment is macOS 14.
Category: Incident
Component: Email Server
Severity: Low",synthetic,U-000374
ITS-00376,Keyboard problem: blue screen of death,Keyboard problem: blue screen of death,The Keyboard has been blue screen of death for the past few hours. OS: Windows 10. Please help.,The Keyboard has been blue screen of death for the past few hours. OS: Windows 10. Please help.,Hardware,Keyboard,Service Request,Low,Closed,Ordered replacement unit. Verified with user that issue is fixed.,Ordered replacement unit. Verified with user that issue is fixed.,[],1.0,"Title: Keyboard problem: blue screen of death
Description: The Keyboard has been blue screen of death for the past few hours. OS: Windows 10. Please help.
Category: Hardware
Component: Keyboard
Severity: Low",synthetic,U-000375
ITS-00377,Docking Station problem: overheating,Docking Station problem: overheating,Issue with Docking Station: overheating. This is affecting my work. Running on Ubuntu 22.04.,Issue with Docking Station: overheating. This is affecting my work. Running on Ubuntu 22.04.,Hardware,Docking Station,Bug,High,Open,,,[],1.0,"Title: Docking Station problem: overheating
Description: Issue with Docking Station: overheating. This is affecting my work. Running on Ubuntu 22.04.
Category: Hardware
Component: Docking Station
Severity: High",synthetic,U-000376
ITS-00378,Docking Station problem: not turning on,Docking Station problem: not turning on,Urgent: Docking Station - not turning on. Multiple users reporting similar issues. Environment is Windows 11.,Urgent: Docking Station - not turning on. Multiple users reporting similar issues. Environment is Windows 11.,Hardware,Docking Station,Service Request,Medium,Resolved,Cleaned internal fans. Verified with user that issue is fixed.,Cleaned internal fans. Verified with user that issue is fixed.,[],1.0,"Title: Docking Station problem: not turning on
Description: Urgent: Docking Station - not turning on. Multiple users reporting similar issues. Environment is Windows 11.
Category: Hardware
Component: Docking Station
Severity: Medium",synthetic,U-000377
ITS-00379,Load Balancer disk space critical on production server,Load Balancer disk space critical on production server,The Load Balancer has been disk space critical on production server for the past few hours. OS: Ubuntu 22.04. Please help.,The Load Balancer has been disk space critical on production server for the past few hours. OS: Ubuntu 22.04. Please help.,Incident,Load Balancer,Incident,Medium,Open,,,[],1.0,"Title: Load Balancer disk space critical on production server
Description: The Load Balancer has been disk space critical on production server for the past few hours. OS: Ubuntu 22.04. Please help.
Category: Incident
Component: Load Balancer
Severity: Medium",synthetic,U-000378
ITS-00380,[Hardware] Laptop - USB ports not working,[Hardware] Laptop - USB ports not working,"Hi, I need help. Laptop keeps USB ports not working. Started yesterday. I'm on Windows 11.","Hi, I need help. Laptop keeps USB ports not working. Started yesterday. I'm on Windows 11.",Hardware,Laptop,Service Request,Low,Closed,Ordered replacement unit. Verified with user that issue is fixed.,Ordered replacement unit. Verified with user that issue is fixed.,[],1.0,"Title: [Hardware] Laptop - USB ports not working
Description: Hi, I need help. Laptop keeps USB ports not working. Started yesterday. I'm on Windows 11.
Category: Hardware
Component: Laptop
Severity: Low",synthetic,U-000379
ITS-00381,Load Balancer scheduled maintenance overran window,Load Balancer scheduled maintenance overran window,Issue with Load Balancer: scheduled maintenance overran window. This is affecting my work. Running on macOS 14.,Issue with Load Balancer: scheduled maintenance overran window. This is affecting my work. Running on macOS 14.,Incident,Load Balancer,Incident,Medium,Resolved,Re-ran backup with increased timeout. Verified with user that issue is fixed.,Re-ran backup with increased timeout. Verified with user that issue is fixed.,[],1.0,"Title: Load Balancer scheduled maintenance overran window
Description: Issue with Load Balancer: scheduled maintenance overran window. This is affecting my work. Running on macOS 14.
Category: Incident
Component: Load Balancer
Severity: Medium",synthetic,U-000380
ITS-00382,Printer not connecting to docking station,Printer not connecting to docking station,"Hi, I need help. Printer keeps not connecting to docking station. Started yesterday. I'm on Windows 11.","Hi, I need help. Printer keeps not connecting to docking station. Started yesterday. I'm on Windows 11.",Hardware,Printer,Bug,Low,Open,,,[],1.0,"Title: Printer not connecting to docking station
Description: Hi, I need help. Printer keeps not connecting to docking station. Started yesterday. I'm on Windows 11.
Category: Hardware
Component: Printer
Severity: Low",synthetic,U-000381
ITS-00383,[Network] VPN - IP conflict,[Network] VPN - IP conflict,The VPN has been IP conflict for the past few hours. OS: macOS 14. Please help.,The VPN has been IP conflict for the past few hours. OS: macOS 14. Please help.,Network,VPN,Bug,Medium,Closed,Updated VPN client. Verified with user that issue is fixed.,Updated VPN client. Verified with user that issue is fixed.,[],1.0,"Title: [Network] VPN - IP conflict
Description: The VPN has been IP conflict for the past few hours. OS: macOS 14. Please help.
Category: Network
Component: VPN
Severity: Medium",synthetic,U-000382
ITS-00384,Load Balancer problem: degraded performance across region,Load Balancer problem: degraded performance across region,Urgent: Load Balancer - degraded performance across region. Multiple users reporting similar issues. Environment is Chrome OS.,Urgent: Load Balancer - degraded performance across region. Multiple users reporting similar issues. Environment is Chrome OS.,Incident,Load Balancer,Incident,High,Closed,Scaled up server resources. Verified with user that issue is fixed.,Scaled up server resources. Verified with user that issue is fixed.,[],1.0,"Title: Load Balancer problem: degraded performance across region
Description: Urgent: Load Balancer - degraded performance across region. Multiple users reporting similar issues. Environment is Chrome OS.
Category: Incident
Component: Load Balancer
Severity: High",synthetic,U-000383
ITS-00385,API Gateway problem: SSL certificate expired,API Gateway problem: SSL certificate expired,The API Gateway has been SSL certificate expired for the past few hours. OS: Windows 10. Please help.,The API Gateway has been SSL certificate expired for the past few hours. OS: Windows 10. Please help.,Incident,API Gateway,Incident,Low,In Progress,,,[],1.0,"Title: API Gateway problem: SSL certificate expired
Description: The API Gateway has been SSL certificate expired for the past few hours. OS: Windows 10. Please help.
Category: Incident
Component: API Gateway
Severity: Low",synthetic,U-000384
ITS-00386,[Network] Proxy - cannot reach specific websites,[Network] Proxy - cannot reach specific websites,The Proxy has been cannot reach specific websites for the past few hours. OS: Ubuntu 22.04. Please help.,The Proxy has been cannot reach specific websites for the past few hours. OS: Ubuntu 22.04. Please help.,Network,Proxy,Question,Medium,In Progress,,,[],1.0,"Title: [Network] Proxy - cannot reach specific websites
Description: The Proxy has been cannot reach specific websites for the past few hours. OS: Ubuntu 22.04. Please help.
Category: Network
Component: Proxy
Severity: Medium",synthetic,U-000385
ITS-00387,[Hardware] Mouse - battery not charging,[Hardware] Mouse - battery not charging,The Mouse has been battery not charging for the past few hours. OS: Windows 11. Please help.,The Mouse has been battery not charging for the past few hours. OS: Windows 11. Please help.,Hardware,Mouse,Question,Medium,Closed,Replaced faulty component. Verified with user that issue is fixed.,Replaced faulty component. Verified with user that issue is fixed.,[],1.0,"Title: [Hardware] Mouse - battery not charging
Description: The Mouse has been battery not charging for the past few hours. OS: Windows 11. Please help.
Category: Hardware
Component: Mouse
Severity: Medium",synthetic,U-000386
ITS-00388,Web App problem: disk space critical on production server,Web App problem: disk space critical on production server,My Web App is disk space critical on production server. I've been experiencing this since this morning. Environment: Ubuntu 22.04.,My Web App is disk space critical on production server. I've been experiencing this since this morning. Environment: Ubuntu 22.04.,Incident,Web App,Incident,Low,Resolved,Blocked IP and reviewed access logs. Verified with user that issue is fixed.,Blocked IP and reviewed access logs. Verified with user that issue is fixed.,[],1.0,"Title: Web App problem: disk space critical on production server
Description: My Web App is disk space critical on production server. I've been experiencing this since this morning. Environment: Ubuntu 22.04.
Category: Incident
Component: Web App
Severity: Low",synthetic,U-000387
ITS-00389,VPN problem: DNS resolution failure,VPN problem: DNS resolution failure,"Hi, I need help. VPN keeps DNS resolution failure. Started yesterday. I'm on Windows 10.","Hi, I need help. VPN keeps DNS resolution failure. Started yesterday. I'm on Windows 10.",Network,VPN,Service Request,Low,In Progress,,,[],1.0,"Title: VPN problem: DNS resolution failure
Description: Hi, I need help. VPN keeps DNS resolution failure. Started yesterday. I'm on Windows 10.
Category: Network
Component: VPN
Severity: Low",synthetic,U-000388
ITS-00390,Active Directory problem: password expired,Active Directory problem: password expired,Urgent: Active Directory - password expired. Multiple users reporting similar issues. Environment is Windows 10.,Urgent: Active Directory - password expired. Multiple users reporting similar issues. Environment is Windows 10.,Account,Active Directory,Question,Medium,Closed,Re-enrolled MFA device. Verified with user that issue is fixed.,Re-enrolled MFA device. Verified with user that issue is fixed.,[],1.0,"Title: Active Directory problem: password expired
Description: Urgent: Active Directory - password expired. Multiple users reporting similar issues. Environment is Windows 10.
Category: Account
Component: Active Directory
Severity: Medium",synthetic,U-000389
ITS-00391,[Software] Outlook - cannot login,[Software] Outlook - cannot login,"Hi, I need help. Outlook keeps cannot login. Started yesterday. I'm on Chrome OS.","Hi, I need help. Outlook keeps cannot login. Started yesterday. I'm on Chrome OS.",Software,Outlook,Bug,Medium,In Progress,,,[],1.0,"Title: [Software] Outlook - cannot login
Description: Hi, I need help. Outlook keeps cannot login. Started yesterday. I'm on Chrome OS.
Category: Software
Component: Outlook
Severity: Medium",synthetic,U-000390
ITS-00392,[Account] Password - account locked out,[Account] Password - account locked out,"Hi, I need help. Password keeps account locked out. Started yesterday. I'm on Chrome OS.","Hi, I need help. Password keeps account locked out. Started yesterday. I'm on Chrome OS.",Account,Password,Service Request,High,Closed,Updated group memberships. Verified with user that issue is fixed.,Updated group memberships. Verified with user that issue is fixed.,[],1.0,"Title: [Account] Password - account locked out
Description: Hi, I need help. Password keeps account locked out. Started yesterday. I'm on Chrome OS.
Category: Account
Component: Password
Severity: High",synthetic,U-000391
ITS-00393,Web App failover did not trigger,Web App failover did not trigger,My Web App is failover did not trigger. I've been experiencing this since this morning. Environment: Ubuntu 22.04.,My Web App is failover did not trigger. I've been experiencing this since this morning. Environment: Ubuntu 22.04.,Incident,Web App,Incident,Critical,Closed,Blocked IP and reviewed access logs. Verified with user that issue is fixed.,Blocked IP and reviewed access logs. Verified with user that issue is fixed.,[],1.0,"Title: Web App failover did not trigger
Description: My Web App is failover did not trigger. I've been experiencing this since this morning. Environment: Ubuntu 22.04.
Category: Incident
Component: Web App
Severity: Critical",synthetic,U-000392
ITS-00394,Desktop keyboard keys stuck,Desktop keyboard keys stuck,The Desktop has been keyboard keys stuck for the past few hours. OS: Windows 10. Please help.,The Desktop has been keyboard keys stuck for the past few hours. OS: Windows 10. Please help.,Hardware,Desktop,Service Request,Low,Closed,Replaced faulty component. Verified with user that issue is fixed.,Replaced faulty component. Verified with user that issue is fixed.,[],1.0,"Title: Desktop keyboard keys stuck
Description: The Desktop has been keyboard keys stuck for the past few hours. OS: Windows 10. Please help.
Category: Hardware
Component: Desktop
Severity: Low",synthetic,U-000393
ITS-00395,Salesforce plugin not working,Salesforce plugin not working,My Salesforce is plugin not working. I've been experiencing this since this morning. Environment: Chrome OS.,My Salesforce is plugin not working. I've been experiencing this since this morning. Environment: Chrome OS.,Software,Salesforce,Service Request,Medium,Open,,,[],1.0,"Title: Salesforce plugin not working
Description: My Salesforce is plugin not working. I've been experiencing this since this morning. Environment: Chrome OS.
Category: Software
Component: Salesforce
Severity: Medium",synthetic,U-000394
ITS-00396,Desktop no display output,Desktop no display output,My Desktop is no display output. I've been experiencing this since this morning. Environment: Windows 11.,My Desktop is no display output. I've been experiencing this since this morning. Environment: Windows 11.,Hardware,Desktop,Service Request,Medium,Closed,Ordered replacement unit. Verified with user that issue is fixed.,Ordered replacement unit. Verified with user that issue is fixed.,[],1.0,"Title: Desktop no display output
Description: My Desktop is no display output. I've been experiencing this since this morning. Environment: Windows 11.
Category: Hardware
Component: Desktop
Severity: Medium",synthetic,U-000395
ITS-00397,Email Server memory exhaustion on app server,Email Server memory exhaustion on app server,Issue with Email Server: memory exhaustion on app server. This is affecting my work. Running on Chrome OS.,Issue with Email Server: memory exhaustion on app server. This is affecting my work. Running on Chrome OS.,Incident,Email Server,Incident,Medium,Open,,,[],1.0,"Title: Email Server memory exhaustion on app server
Description: Issue with Email Server: memory exhaustion on app server. This is affecting my work. Running on Chrome OS.
Category: Incident
Component: Email Server
Severity: Medium",synthetic,U-000396
ITS-00398,[Account] Active Directory - cannot access shared mailbox,[Account] Active Directory - cannot access shared mailbox,The Active Directory has been cannot access shared mailbox for the past few hours. OS: Windows 11. Please help.,The Active Directory has been cannot access shared mailbox for the past few hours. OS: Windows 11. Please help.,Account,Active Directory,Question,Medium,In Progress,,,[],1.0,"Title: [Account] Active Directory - cannot access shared mailbox
Description: The Active Directory has been cannot access shared mailbox for the past few hours. OS: Windows 11. Please help.
Category: Account
Component: Active Directory
Severity: Medium",synthetic,U-000397
ITS-00399,[Software] Teams - missing features after update,[Software] Teams - missing features after update,My Teams is missing features after update. I've been experiencing this since this morning. Environment: macOS 14.,My Teams is missing features after update. I've been experiencing this since this morning. Environment: macOS 14.,Software,Teams,Question,Low,Open,,,[],1.0,"Title: [Software] Teams - missing features after update
Description: My Teams is missing features after update. I've been experiencing this since this morning. Environment: macOS 14.
Category: Software
Component: Teams
Severity: Low",synthetic,U-000398
ITS-00400,[Software] Teams - cannot login,[Software] Teams - cannot login,Urgent: Teams - cannot login. Multiple users reporting similar issues. Environment is Ubuntu 22.04.,Urgent: Teams - cannot login. Multiple users reporting similar issues. Environment is Ubuntu 22.04.,Software,Teams,Question,Medium,Open,,,[],1.0,"Title: [Software] Teams - cannot login
Description: Urgent: Teams - cannot login. Multiple users reporting similar issues. Environment is Ubuntu 22.04.
Category: Software
Component: Teams
Severity: Medium",synthetic,U-000399
ITS-00401,[Hardware] Desktop - slow performance,[Hardware] Desktop - slow performance,My Desktop is slow performance. I've been experiencing this since this morning. Environment: macOS 14.,My Desktop is slow performance. I've been experiencing this since this morning. Environment: macOS 14.,Hardware,Desktop,Question,Medium,In Progress,,,[],1.0,"Title: [Hardware] Desktop - slow performance
Description: My Desktop is slow performance. I've been experiencing this since this morning. Environment: macOS 14.
Category: Hardware
Component: Desktop
Severity: Medium",synthetic,U-000400
ITS-00402,API Gateway memory exhaustion on app server,API Gateway memory exhaustion on app server,"Hi, I need help. API Gateway keeps memory exhaustion on app server. Started yesterday. I'm on macOS 14.","Hi, I need help. API Gateway keeps memory exhaustion on app server. Started yesterday. I'm on macOS 14.",Incident,API Gateway,Incident,High,Closed,Renewed SSL certificate and redeployed. Verified with user that issue is fixed.,Renewed SSL certificate and redeployed. Verified with user that issue is fixed.,[],1.0,"Title: API Gateway memory exhaustion on app server
Description: Hi, I need help. API Gateway keeps memory exhaustion on app server. Started yesterday. I'm on macOS 14.
Category: Incident
Component: API Gateway
Severity: High",synthetic,U-000401
ITS-00403,Web App disk space critical on production server,Web App disk space critical on production server,My Web App is disk space critical on production server. I've been experiencing this since this morning. Environment: Chrome OS.,My Web App is disk space critical on production server. I've been experiencing this since this morning. Environment: Chrome OS.,Incident,Web App,Incident,Critical,Closed,Blocked IP and reviewed access logs. Verified with user that issue is fixed.,Blocked IP and reviewed access logs. Verified with user that issue is fixed.,[],1.0,"Title: Web App disk space critical on production server
Description: My Web App is disk space critical on production server. I've been experiencing this since this morning. Environment: Chrome OS.
Category: Incident
Component: Web App
Severity: Critical",synthetic,U-000402
ITS-00404,[Hardware] Printer - slow performance,[Hardware] Printer - slow performance,Urgent: Printer - slow performance. Multiple users reporting similar issues. Environment is macOS 14.,Urgent: Printer - slow performance. Multiple users reporting similar issues. Environment is macOS 14.,Hardware,Printer,Question,Medium,Closed,Reseated RAM modules. Verified with user that issue is fixed.,Reseated RAM modules. Verified with user that issue is fixed.,[],1.0,"Title: [Hardware] Printer - slow performance
Description: Urgent: Printer - slow performance. Multiple users reporting similar issues. Environment is macOS 14.
Category: Hardware
Component: Printer
Severity: Medium",synthetic,U-000403
ITS-00405,[Software] VPN - update failed,[Software] VPN - update failed,My VPN is update failed. I've been experiencing this since this morning. Environment: macOS 14.,My VPN is update failed. I've been experiencing this since this morning. Environment: macOS 14.,Software,VPN,Bug,Low,Resolved,Rolled back to previous version. Verified with user that issue is fixed.,Rolled back to previous version. Verified with user that issue is fixed.,[],1.0,"Title: [Software] VPN - update failed
Description: My VPN is update failed. I've been experiencing this since this morning. Environment: macOS 14.
Category: Software
Component: VPN
Severity: Low",synthetic,U-000404
ITS-00406,API Gateway SSL certificate expired,API Gateway SSL certificate expired,Issue with API Gateway: SSL certificate expired. This is affecting my work. Running on Windows 10.,Issue with API Gateway: SSL certificate expired. This is affecting my work. Running on Windows 10.,Incident,API Gateway,Incident,Medium,In Progress,,,[],1.0,"Title: API Gateway SSL certificate expired
Description: Issue with API Gateway: SSL certificate expired. This is affecting my work. Running on Windows 10.
Category: Incident
Component: API Gateway
Severity: Medium",synthetic,U-000405
ITS-00407,[Incident] Load Balancer - scheduled maintenance overran window,[Incident] Load Balancer - scheduled maintenance overran window,Urgent: Load Balancer - scheduled maintenance overran window. Multiple users reporting similar issues. Environment is Windows 10.,Urgent: Load Balancer - scheduled maintenance overran window. Multiple users reporting similar issues. Environment is Windows 10.,Incident,Load Balancer,Incident,Medium,Resolved,Applied emergency patch. Verified with user that issue is fixed.,Applied emergency patch. Verified with user that issue is fixed.,[],1.0,"Title: [Incident] Load Balancer - scheduled maintenance overran window
Description: Urgent: Load Balancer - scheduled maintenance overran window. Multiple users reporting similar issues. Environment is Windows 10.
Category: Incident
Component: Load Balancer
Severity: Medium",synthetic,U-000406
ITS-00408,Laptop problem: overheating,Laptop problem: overheating,My Laptop is overheating. I've been experiencing this since this morning. Environment: Ubuntu 22.04.,My Laptop is overheating. I've been experiencing this since this morning. Environment: Ubuntu 22.04.,Hardware,Laptop,Bug,High,Open,,,[],1.0,"Title: Laptop problem: overheating
Description: My Laptop is overheating. I've been experiencing this since this morning. Environment: Ubuntu 22.04.
Category: Hardware
Component: Laptop
Severity: High",synthetic,U-000407
ITS-00409,Firewall VPN connection drops,Firewall VPN connection drops,Issue with Firewall: VPN connection drops. This is affecting my work. Running on macOS 14.,Issue with Firewall: VPN connection drops. This is affecting my work. Running on macOS 14.,Network,Firewall,Question,Medium,Closed,Updated VPN client. Verified with user that issue is fixed.,Updated VPN client. Verified with user that issue is fixed.,[],1.0,"Title: Firewall VPN connection drops
Description: Issue with Firewall: VPN connection drops. This is affecting my work. Running on macOS 14.
Category: Network
Component: Firewall
Severity: Medium",synthetic,U-000408
ITS-00410,Outlook cannot login,Outlook cannot login,"Hi, I need help. Outlook keeps cannot login. Started yesterday. I'm on Chrome OS.","Hi, I need help. Outlook keeps cannot login. Started yesterday. I'm on Chrome OS.",Software,Outlook,Bug,Medium,Resolved,Configured firewall exceptions. Verified with user that issue is fixed.,Configured firewall exceptions. Verified with user that issue is fixed.,[],1.0,"Title: Outlook cannot login
Description: Hi, I need help. Outlook keeps cannot login. Started yesterday. I'm on Chrome OS.
Category: Software
Component: Outlook
Severity: Medium",synthetic,U-000409
ITS-00411,[Network] VPN - intermittent disconnections,[Network] VPN - intermittent disconnections,My VPN is intermittent disconnections. I've been experiencing this since this morning. Environment: macOS 14.,My VPN is intermittent disconnections. I've been experiencing this since this morning. Environment: macOS 14.,Network,VPN,Service Request,Medium,Open,,,[],1.0,"Title: [Network] VPN - intermittent disconnections
Description: My VPN is intermittent disconnections. I've been experiencing this since this morning. Environment: macOS 14.
Category: Network
Component: VPN
Severity: Medium",synthetic,U-000410
ITS-00412,SSO problem: new hire needs account setup,SSO problem: new hire needs account setup,The SSO has been new hire needs account setup for the past few hours. OS: Windows 10. Please help.,The SSO has been new hire needs account setup for the past few hours. OS: Windows 10. Please help.,Account,SSO,Question,High,In Progress,,,[],1.0,"Title: SSO problem: new hire needs account setup
Description: The SSO has been new hire needs account setup for the past few hours. OS: Windows 10. Please help.
Category: Account
Component: SSO
Severity: High",synthetic,U-000411
ITS-00413,Active Directory problem: cannot access shared mailbox,Active Directory problem: cannot access shared mailbox,My Active Directory is cannot access shared mailbox. I've been experiencing this since this morning. Environment: Chrome OS.,My Active Directory is cannot access shared mailbox. I've been experiencing this since this morning. Environment: Chrome OS.,Account,Active Directory,Service Request,Medium,In Progress,,,[],1.0,"Title: Active Directory problem: cannot access shared mailbox
Description: My Active Directory is cannot access shared mailbox. I've been experiencing this since this morning. Environment: Chrome OS.
Category: Account
Component: Active Directory
Severity: Medium",synthetic,U-000412
ITS-00414,MFA account locked out,MFA account locked out,Urgent: MFA - account locked out. Multiple users reporting similar issues. Environment is Chrome OS.,Urgent: MFA - account locked out. Multiple users reporting similar issues. Environment is Chrome OS.,Account,MFA,Question,Low,In Progress,,,[],1.0,"Title: MFA account locked out
Description: Urgent: MFA - account locked out. Multiple users reporting similar issues. Environment is Chrome OS.
Category: Account
Component: MFA
Severity: Low",synthetic,U-000413
ITS-00415,Laptop fan making loud noise,Laptop fan making loud noise,"Hi, I need help. Laptop keeps fan making loud noise. Started yesterday. I'm on Chrome OS.","Hi, I need help. Laptop keeps fan making loud noise. Started yesterday. I'm on Chrome OS.",Hardware,Laptop,Service Request,Low,Resolved,Replaced battery. Verified with user that issue is fixed.,Replaced battery. Verified with user that issue is fixed.,[],1.0,"Title: Laptop fan making loud noise
Description: Hi, I need help. Laptop keeps fan making loud noise. Started yesterday. I'm on Chrome OS.
Category: Hardware
Component: Laptop
Severity: Low",synthetic,U-000414
ITS-00416,Printer fan making loud noise,Printer fan making loud noise,Issue with Printer: fan making loud noise. This is affecting my work. Running on Chrome OS.,Issue with Printer: fan making loud noise. This is affecting my work. Running on Chrome OS.,Hardware,Printer,Service Request,Critical,Closed,Performed hardware diagnostic. Verified with user that issue is fixed.,Performed hardware diagnostic. Verified with user that issue is fixed.,[],1.0,"Title: Printer fan making loud noise
Description: Issue with Printer: fan making loud noise. This is affecting my work. Running on Chrome OS.
Category: Hardware
Component: Printer
Severity: Critical",synthetic,U-000415
ITS-00417,SSO SSO login loop,SSO SSO login loop,"Hi, I need help. SSO keeps SSO login loop. Started yesterday. I'm on macOS 14.","Hi, I need help. SSO keeps SSO login loop. Started yesterday. I'm on macOS 14.",Account,SSO,Bug,Medium,Closed,Unlocked account in AD. Verified with user that issue is fixed.,Unlocked account in AD. Verified with user that issue is fixed.,[],1.0,"Title: SSO SSO login loop
Description: Hi, I need help. SSO keeps SSO login loop. Started yesterday. I'm on macOS 14.
Category: Account
Component: SSO
Severity: Medium",synthetic,U-000416
ITS-00418,DNS proxy authentication error,DNS proxy authentication error,Issue with DNS: proxy authentication error. This is affecting my work. Running on Windows 10.,Issue with DNS: proxy authentication error. This is affecting my work. Running on Windows 10.,Network,DNS,Service Request,Low,Resolved,Reset network adapter. Verified with user that issue is fixed.,Reset network adapter. Verified with user that issue is fixed.,[],1.0,"Title: DNS proxy authentication error
Description: Issue with DNS: proxy authentication error. This is affecting my work. Running on Windows 10.
Category: Network
Component: DNS
Severity: Low",synthetic,U-000417
ITS-00419,SSO account deactivation request,SSO account deactivation request,Issue with SSO: account deactivation request. This is affecting my work. Running on Ubuntu 22.04.,Issue with SSO: account deactivation request. This is affecting my work. Running on Ubuntu 22.04.,Account,SSO,Question,Low,Open,,,[],1.0,"Title: SSO account deactivation request
Description: Issue with SSO: account deactivation request. This is affecting my work. Running on Ubuntu 22.04.
Category: Account
Component: SSO
Severity: Low",synthetic,U-000418
ITS-00420,Antivirus slow loading,Antivirus slow loading,"Hi, I need help. Antivirus keeps slow loading. Started yesterday. I'm on Chrome OS.","Hi, I need help. Antivirus keeps slow loading. Started yesterday. I'm on Chrome OS.",Software,Antivirus,Service Request,Medium,Closed,Reinstalled application. Verified with user that issue is fixed.,Reinstalled application. Verified with user that issue is fixed.,[],1.0,"Title: Antivirus slow loading
Description: Hi, I need help. Antivirus keeps slow loading. Started yesterday. I'm on Chrome OS.
Category: Software
Component: Antivirus
Severity: Medium",synthetic,U-000419
ITS-00421,SAP problem: not syncing properly,SAP problem: not syncing properly,The SAP has been not syncing properly for the past few hours. OS: Windows 11. Please help.,The SAP has been not syncing properly for the past few hours. OS: Windows 11. Please help.,Software,SAP,Bug,Low,Open,,,[],1.0,"Title: SAP problem: not syncing properly
Description: The SAP has been not syncing properly for the past few hours. OS: Windows 11. Please help.
Category: Software
Component: SAP
Severity: Low",synthetic,U-000420
ITS-00422,Mouse battery not charging,Mouse battery not charging,Urgent: Mouse - battery not charging. Multiple users reporting similar issues. Environment is macOS 14.,Urgent: Mouse - battery not charging. Multiple users reporting similar issues. Environment is macOS 14.,Hardware,Mouse,Service Request,Medium,Open,,,[],1.0,"Title: Mouse battery not charging
Description: Urgent: Mouse - battery not charging. Multiple users reporting similar issues. Environment is macOS 14.
Category: Hardware
Component: Mouse
Severity: Medium",synthetic,U-000421
ITS-00423,Email Server unauthorized access attempt detected,Email Server unauthorized access attempt detected,Urgent: Email Server - unauthorized access attempt detected. Multiple users reporting similar issues. Environment is Ubuntu 22.04.,Urgent: Email Server - unauthorized access attempt detected. Multiple users reporting similar issues. Environment is Ubuntu 22.04.,Incident,Email Server,Incident,Low,Open,,,[],1.0,"Title: Email Server unauthorized access attempt detected
Description: Urgent: Email Server - unauthorized access attempt detected. Multiple users reporting similar issues. Environment is Ubuntu 22.04.
Category: Incident
Component: Email Server
Severity: Low",synthetic,U-000422
ITS-00424,Active Directory permission denied,Active Directory permission denied,The Active Directory has been permission denied for the past few hours. OS: Chrome OS. Please help.,The Active Directory has been permission denied for the past few hours. OS: Chrome OS. Please help.,Account,Active Directory,Question,Low,Open,,,[],1.0,"Title: Active Directory permission denied
Description: The Active Directory has been permission denied for the past few hours. OS: Chrome OS. Please help.
Category: Account
Component: Active Directory
Severity: Low",synthetic,U-000423
ITS-00425,Keyboard problem: USB ports not working,Keyboard problem: USB ports not working,"Hi, I need help. Keyboard keeps USB ports not working. Started yesterday. I'm on Windows 11.","Hi, I need help. Keyboard keeps USB ports not working. Started yesterday. I'm on Windows 11.",Hardware,Keyboard,Question,High,Closed,Reseated RAM modules. Verified with user that issue is fixed.,Reseated RAM modules. Verified with user that issue is fixed.,[],1.0,"Title: Keyboard problem: USB ports not working
Description: Hi, I need help. Keyboard keeps USB ports not working. Started yesterday. I'm on Windows 11.
Category: Hardware
Component: Keyboard
Severity: High",synthetic,U-000424
ITS-00426,Laptop problem: cracked screen,Laptop problem: cracked screen,Issue with Laptop: cracked screen. This is affecting my work. Running on macOS 14.,Issue with Laptop: cracked screen. This is affecting my work. Running on macOS 14.,Hardware,Laptop,Service Request,Medium,Resolved,Cleaned internal fans. Verified with user that issue is fixed.,Cleaned internal fans. Verified with user that issue is fixed.,[],1.0,"Title: Laptop problem: cracked screen
Description: Issue with Laptop: cracked screen. This is affecting my work. Running on macOS 14.
Category: Hardware
Component: Laptop
Severity: Medium",synthetic,U-000425
ITS-00427,Printer fan making loud noise,Printer fan making loud noise,"Hi, I need help. Printer keeps fan making loud noise. Started yesterday. I'm on Ubuntu 22.04.","Hi, I need help. Printer keeps fan making loud noise. Started yesterday. I'm on Ubuntu 22.04.",Hardware,Printer,Service Request,High,In Progress,,,[],1.0,"Title: Printer fan making loud noise
Description: Hi, I need help. Printer keeps fan making loud noise. Started yesterday. I'm on Ubuntu 22.04.
Category: Hardware
Component: Printer
Severity: High",synthetic,U-000426
ITS-00428,DNS intermittent disconnections,DNS intermittent disconnections,The DNS has been intermittent disconnections for the past few hours. OS: Ubuntu 22.04. Please help.,The DNS has been intermittent disconnections for the past few hours. OS: Ubuntu 22.04. Please help.,Network,DNS,Bug,Low,Open,,,[],1.0,"Title: DNS intermittent disconnections
Description: The DNS has been intermittent disconnections for the past few hours. OS: Ubuntu 22.04. Please help.
Category: Network
Component: DNS
Severity: Low",synthetic,U-000427
ITS-00429,[Hardware] Docking Station - freezing randomly,[Hardware] Docking Station - freezing randomly,My Docking Station is freezing randomly. I've been experiencing this since this morning. Environment: Chrome OS.,My Docking Station is freezing randomly. I've been experiencing this since this morning. Environment: Chrome OS.,Hardware,Docking Station,Service Request,Critical,Open,,,[],1.0,"Title: [Hardware] Docking Station - freezing randomly
Description: My Docking Station is freezing randomly. I've been experiencing this since this morning. Environment: Chrome OS.
Category: Hardware
Component: Docking Station
Severity: Critical",synthetic,U-000428
ITS-00430,Teams problem: slow loading,Teams problem: slow loading,Urgent: Teams - slow loading. Multiple users reporting similar issues. Environment is Windows 11.,Urgent: Teams - slow loading. Multiple users reporting similar issues. Environment is Windows 11.,Software,Teams,Question,High,Resolved,Applied latest patch. Verified with user that issue is fixed.,Applied latest patch. Verified with user that issue is fixed.,[],1.0,"Title: Teams problem: slow loading
Description: Urgent: Teams - slow loading. Multiple users reporting similar issues. Environment is Windows 11.
Category: Software
Component: Teams
Severity: High",synthetic,U-000429
ITS-00431,SAP problem: error code 0x80070005,SAP problem: error code [HEX],"Hi, I need help. SAP keeps error code 0x80070005. Started yesterday. I'm on Windows 10.","Hi, I need help. SAP keeps error code [HEX]. Started yesterday. I'm on Windows 10.",Software,SAP,Bug,Critical,In Progress,,,"[""0x80070005"", ""0""]",1.0,"Title: SAP problem: error code [HEX]
Description: Hi, I need help. SAP keeps error code [HEX]. Started yesterday. I'm on Windows 10.
Category: Software
Component: SAP
Severity: Critical",synthetic,U-000430
ITS-00432,VPN problem: memory leak causing slowdown,VPN problem: memory leak causing slowdown,"Hi, I need help. VPN keeps memory leak causing slowdown. Started yesterday. I'm on Windows 11.","Hi, I need help. VPN keeps memory leak causing slowdown. Started yesterday. I'm on Windows 11.",Software,VPN,Bug,Medium,In Progress,,,[],1.0,"Title: VPN problem: memory leak causing slowdown
Description: Hi, I need help. VPN keeps memory leak causing slowdown. Started yesterday. I'm on Windows 11.
Category: Software
Component: VPN
Severity: Medium",synthetic,U-000431
ITS-00433,[Software] VPN - missing features after update,[Software] VPN - missing features after update,Issue with VPN: missing features after update. This is affecting my work. Running on Chrome OS.,Issue with VPN: missing features after update. This is affecting my work. Running on Chrome OS.,Software,VPN,Service Request,Medium,Resolved,Reset user profile. Verified with user that issue is fixed.,Reset user profile. Verified with user that issue is fixed.,[],1.0,"Title: [Software] VPN - missing features after update
Description: Issue with VPN: missing features after update. This is affecting my work. Running on Chrome OS.
Category: Software
Component: VPN
Severity: Medium",synthetic,U-000432
ITS-00434,SSO problem: group membership change needed,SSO problem: group membership change needed,The SSO has been group membership change needed for the past few hours. OS: Chrome OS. Please help.,The SSO has been group membership change needed for the past few hours. OS: Chrome OS. Please help.,Account,SSO,Bug,Medium,Resolved,Updated group memberships. Verified with user that issue is fixed.,Updated group memberships. Verified with user that issue is fixed.,[],1.0,"Title: SSO problem: group membership change needed
Description: The SSO has been group membership change needed for the past few hours. OS: Chrome OS. Please help.
Category: Account
Component: SSO
Severity: Medium",synthetic,U-000433
ITS-00435,Password group membership change needed,Password group membership change needed,Urgent: Password - group membership change needed. Multiple users reporting similar issues. Environment is Windows 11.,Urgent: Password - group membership change needed. Multiple users reporting similar issues. Environment is Windows 11.,Account,Password,Question,Low,Resolved,Granted appropriate permissions. Verified with user that issue is fixed.,Granted appropriate permissions. Verified with user that issue is fixed.,[],1.0,"Title: Password group membership change needed
Description: Urgent: Password - group membership change needed. Multiple users reporting similar issues. Environment is Windows 11.
Category: Account
Component: Password
Severity: Low",synthetic,U-000434
ITS-00436,MFA problem: SSO login loop,MFA problem: SSO login loop,Issue with MFA: SSO login loop. This is affecting my work. Running on Windows 10.,Issue with MFA: SSO login loop. This is affecting my work. Running on Windows 10.,Account,MFA,Service Request,Low,Open,,,[],1.0,"Title: MFA problem: SSO login loop
Description: Issue with MFA: SSO login loop. This is affecting my work. Running on Windows 10.
Category: Account
Component: MFA
Severity: Low",synthetic,U-000435
ITS-00437,MFA problem: permission denied,MFA problem: permission denied,Urgent: MFA - permission denied. Multiple users reporting similar issues. Environment is Chrome OS.,Urgent: MFA - permission denied. Multiple users reporting similar issues. Environment is Chrome OS.,Account,MFA,Question,Medium,Closed,Reset password and synced. Verified with user that issue is fixed.,Reset password and synced. Verified with user that issue is fixed.,[],1.0,"Title: MFA problem: permission denied
Description: Urgent: MFA - permission denied. Multiple users reporting similar issues. Environment is Chrome OS.
Category: Account
Component: MFA
Severity: Medium",synthetic,U-000436
ITS-00438,SSO problem: permission denied,SSO problem: permission denied,My SSO is permission denied. I've been experiencing this since this morning. Environment: Ubuntu 22.04.,My SSO is permission denied. I've been experiencing this since this morning. Environment: Ubuntu 22.04.,Account,SSO,Service Request,Medium,Closed,Unlocked account in AD. Verified with user that issue is fixed.,Unlocked account in AD. Verified with user that issue is fixed.,[],1.0,"Title: SSO problem: permission denied
Description: My SSO is permission denied. I've been experiencing this since this morning. Environment: Ubuntu 22.04.
Category: Account
Component: SSO
Severity: Medium",synthetic,U-000437
ITS-00439,Laptop not turning on,Laptop not turning on,My Laptop is not turning on. I've been experiencing this since this morning. Environment: Windows 11.,My Laptop is not turning on. I've been experiencing this since this morning. Environment: Windows 11.,Hardware,Laptop,Question,Medium,Open,,,[],1.0,"Title: Laptop not turning on
Description: My Laptop is not turning on. I've been experiencing this since this morning. Environment: Windows 11.
Category: Hardware
Component: Laptop
Severity: Medium",synthetic,U-000438
ITS-00440,Proxy intermittent disconnections,Proxy intermittent disconnections,"Hi, I need help. Proxy keeps intermittent disconnections. Started yesterday. I'm on Windows 11.","Hi, I need help. Proxy keeps intermittent disconnections. Started yesterday. I'm on Windows 11.",Network,Proxy,Question,Medium,In Progress,,,[],1.0,"Title: Proxy intermittent disconnections
Description: Hi, I need help. Proxy keeps intermittent disconnections. Started yesterday. I'm on Windows 11.
Category: Network
Component: Proxy
Severity: Medium",synthetic,U-000439
ITS-00441,Email Server disk space critical on production server,Email Server disk space critical on production server,The Email Server has been disk space critical on production server for the past few hours. OS: Windows 10. Please help.,The Email Server has been disk space critical on production server for the past few hours. OS: Windows 10. Please help.,Incident,Email Server,Incident,High,In Progress,,,[],1.0,"Title: Email Server disk space critical on production server
Description: The Email Server has been disk space critical on production server for the past few hours. OS: Windows 10. Please help.
Category: Incident
Component: Email Server
Severity: High",synthetic,U-000440
ITS-00442,Docking Station problem: fan making loud noise,Docking Station problem: fan making loud noise,My Docking Station is fan making loud noise. I've been experiencing this since this morning. Environment: Ubuntu 22.04.,My Docking Station is fan making loud noise. I've been experiencing this since this morning. Environment: Ubuntu 22.04.,Hardware,Docking Station,Service Request,Medium,Closed,Replaced faulty component. Verified with user that issue is fixed.,Replaced faulty component. Verified with user that issue is fixed.,[],1.0,"Title: Docking Station problem: fan making loud noise
Description: My Docking Station is fan making loud noise. I've been experiencing this since this morning. Environment: Ubuntu 22.04.
Category: Hardware
Component: Docking Station
Severity: Medium",synthetic,U-000441
ITS-00443,[Software] Office 365 - slow loading,[Software] Office 365 - slow loading,My Office 365 is slow loading. I've been experiencing this since this morning. Environment: Ubuntu 22.04.,My Office 365 is slow loading. I've been experiencing this since this morning. Environment: Ubuntu 22.04.,Software,Office 365,Question,Low,In Progress,,,"[""365""]",1.0,"Title: [Software] Office 365 - slow loading
Description: My Office 365 is slow loading. I've been experiencing this since this morning. Environment: Ubuntu 22.04.
Category: Software
Component: Office 365
Severity: Low",synthetic,U-000442
ITS-00444,Password new hire needs account setup,Password new hire needs account setup,"Hi, I need help. Password keeps new hire needs account setup. Started yesterday. I'm on Ubuntu 22.04.","Hi, I need help. Password keeps new hire needs account setup. Started yesterday. I'm on Ubuntu 22.04.",Account,Password,Question,Medium,Resolved,Updated group memberships. Verified with user that issue is fixed.,Updated group memberships. Verified with user that issue is fixed.,[],1.0,"Title: Password new hire needs account setup
Description: Hi, I need help. Password keeps new hire needs account setup. Started yesterday. I'm on Ubuntu 22.04.
Category: Account
Component: Password
Severity: Medium",synthetic,U-000443
ITS-00445,[Network] Proxy - cannot reach specific websites,[Network] Proxy - cannot reach specific websites,Issue with Proxy: cannot reach specific websites. This is affecting my work. Running on Ubuntu 22.04.,Issue with Proxy: cannot reach specific websites. This is affecting my work. Running on Ubuntu 22.04.,Network,Proxy,Bug,High,In Progress,,,[],1.0,"Title: [Network] Proxy - cannot reach specific websites
Description: Issue with Proxy: cannot reach specific websites. This is affecting my work. Running on Ubuntu 22.04.
Category: Network
Component: Proxy
Severity: High",synthetic,U-000444
ITS-00446,[Network] Firewall - network drive not mapping,[Network] Firewall - network drive not mapping,The Firewall has been network drive not mapping for the past few hours. OS: Windows 11. Please help.,The Firewall has been network drive not mapping for the past few hours. OS: Windows 11. Please help.,Network,Firewall,Bug,Medium,In Progress,,,[],1.0,"Title: [Network] Firewall - network drive not mapping
Description: The Firewall has been network drive not mapping for the past few hours. OS: Windows 11. Please help.
Category: Network
Component: Firewall
Severity: Medium",synthetic,U-000445
ITS-00447,[Hardware] Printer - screen flickering,[Hardware] Printer - screen flickering,"Hi, I need help. Printer keeps screen flickering. Started yesterday. I'm on Ubuntu 22.04.","Hi, I need help. Printer keeps screen flickering. Started yesterday. I'm on Ubuntu 22.04.",Hardware,Printer,Bug,Low,Resolved,Updated BIOS firmware. Verified with user that issue is fixed.,Updated BIOS firmware. Verified with user that issue is fixed.,[],1.0,"Title: [Hardware] Printer - screen flickering
Description: Hi, I need help. Printer keeps screen flickering. Started yesterday. I'm on Ubuntu 22.04.
Category: Hardware
Component: Printer
Severity: Low",synthetic,U-000446
ITS-00448,Mouse problem: fan making loud noise,Mouse problem: fan making loud noise,Issue with Mouse: fan making loud noise. This is affecting my work. Running on macOS 14.,Issue with Mouse: fan making loud noise. This is affecting my work. Running on macOS 14.,Hardware,Mouse,Bug,Low,Resolved,Updated device drivers. Verified with user that issue is fixed.,Updated device drivers. Verified with user that issue is fixed.,[],1.0,"Title: Mouse problem: fan making loud noise
Description: Issue with Mouse: fan making loud noise. This is affecting my work. Running on macOS 14.
Category: Hardware
Component: Mouse
Severity: Low",synthetic,U-000447
ITS-00449,[Hardware] Mouse - not turning on,[Hardware] Mouse - not turning on,My Mouse is not turning on. I've been experiencing this since this morning. Environment: macOS 14.,My Mouse is not turning on. I've been experiencing this since this morning. Environment: macOS 14.,Hardware,Mouse,Bug,High,Open,,,[],1.0,"Title: [Hardware] Mouse - not turning on
Description: My Mouse is not turning on. I've been experiencing this since this morning. Environment: macOS 14.
Category: Hardware
Component: Mouse
Severity: High",synthetic,U-000448
ITS-00450,[Incident] Load Balancer - scheduled maintenance overran window,[Incident] Load Balancer - scheduled maintenance overran window,Urgent: Load Balancer - scheduled maintenance overran window. Multiple users reporting similar issues. Environment is Chrome OS.,Urgent: Load Balancer - scheduled maintenance overran window. Multiple users reporting similar issues. Environment is Chrome OS.,Incident,Load Balancer,Incident,Low,Closed,Restarted affected services. Verified with user that issue is fixed.,Restarted affected services. Verified with user that issue is fixed.,[],1.0,"Title: [Incident] Load Balancer - scheduled maintenance overran window
Description: Urgent: Load Balancer - scheduled maintenance overran window. Multiple users reporting similar issues. Environment is Chrome OS.
Category: Incident
Component: Load Balancer
Severity: Low",synthetic,U-000449
ITS-00451,[Network] VPN - packet loss,[Network] VPN - packet loss,"Hi, I need help. VPN keeps packet loss. Started yesterday. I'm on Ubuntu 22.04.","Hi, I need help. VPN keeps packet loss. Started yesterday. I'm on Ubuntu 22.04.",Network,VPN,Bug,Medium,In Progress,,,[],1.0,"Title: [Network] VPN - packet loss
Description: Hi, I need help. VPN keeps packet loss. Started yesterday. I'm on Ubuntu 22.04.
Category: Network
Component: VPN
Severity: Medium",synthetic,U-000450
ITS-00452,Email Server problem: SSL certificate expired,Email Server problem: SSL certificate expired,"Hi, I need help. Email Server keeps SSL certificate expired. Started yesterday. I'm on Ubuntu 22.04.","Hi, I need help. Email Server keeps SSL certificate expired. Started yesterday. I'm on Ubuntu 22.04.",Incident,Email Server,Incident,Medium,Closed,Renewed SSL certificate and redeployed. Verified with user that issue is fixed.,Renewed SSL certificate and redeployed. Verified with user that issue is fixed.,[],1.0,"Title: Email Server problem: SSL certificate expired
Description: Hi, I need help. Email Server keeps SSL certificate expired. Started yesterday. I'm on Ubuntu 22.04.
Category: Incident
Component: Email Server
Severity: Medium",synthetic,U-000451
ITS-00453,[Network] Ethernet - slow internet speed,[Network] Ethernet - slow internet speed,Urgent: Ethernet - slow internet speed. Multiple users reporting similar issues. Environment is Chrome OS.,Urgent: Ethernet - slow internet speed. Multiple users reporting similar issues. Environment is Chrome OS.,Network,Ethernet,Question,Medium,In Progress,,,[],1.0,"Title: [Network] Ethernet - slow internet speed
Description: Urgent: Ethernet - slow internet speed. Multiple users reporting similar issues. Environment is Chrome OS.
Category: Network
Component: Ethernet
Severity: Medium",synthetic,U-000452
ITS-00454,Windows plugin not working,Windows plugin not working,Issue with Windows: plugin not working. This is affecting my work. Running on Ubuntu 22.04.,Issue with Windows: plugin not working. This is affecting my work. Running on Ubuntu 22.04.,Software,Windows,Question,Medium,Resolved,Cleared cache and temp files. Verified with user that issue is fixed.,Cleared cache and temp files. Verified with user that issue is fixed.,[],1.0,"Title: Windows plugin not working
Description: Issue with Windows: plugin not working. This is affecting my work. Running on Ubuntu 22.04.
Category: Software
Component: Windows
Severity: Medium",synthetic,U-000453
ITS-00455,[Software] Antivirus - memory leak causing slowdown,[Software] Antivirus - memory leak causing slowdown,Issue with Antivirus: memory leak causing slowdown. This is affecting my work. Running on Ubuntu 22.04.,Issue with Antivirus: memory leak causing slowdown. This is affecting my work. Running on Ubuntu 22.04.,Software,Antivirus,Question,Medium,In Progress,,,[],1.0,"Title: [Software] Antivirus - memory leak causing slowdown
Description: Issue with Antivirus: memory leak causing slowdown. This is affecting my work. Running on Ubuntu 22.04.
Category: Software
Component: Antivirus
Severity: Medium",synthetic,U-000454
ITS-00456,Web App problem: unauthorized access attempt detected,Web App problem: unauthorized access attempt detected,"Hi, I need help. Web App keeps unauthorized access attempt detected. Started yesterday. I'm on Windows 11.","Hi, I need help. Web App keeps unauthorized access attempt detected. Started yesterday. I'm on Windows 11.",Incident,Web App,Incident,Medium,In Progress,,,[],1.0,"Title: Web App problem: unauthorized access attempt detected
Description: Hi, I need help. Web App keeps unauthorized access attempt detected. Started yesterday. I'm on Windows 11.
Category: Incident
Component: Web App
Severity: Medium",synthetic,U-000455
ITS-00457,Teams memory leak causing slowdown,Teams memory leak causing slowdown,The Teams has been memory leak causing slowdown for the past few hours. OS: Windows 11. Please help.,The Teams has been memory leak causing slowdown for the past few hours. OS: Windows 11. Please help.,Software,Teams,Service Request,High,In Progress,,,[],1.0,"Title: Teams memory leak causing slowdown
Description: The Teams has been memory leak causing slowdown for the past few hours. OS: Windows 11. Please help.
Category: Software
Component: Teams
Severity: High",synthetic,U-000456
ITS-00458,[Incident] Load Balancer - data sync failure between systems,[Incident] Load Balancer - data sync failure between systems,The Load Balancer has been data sync failure between systems for the past few hours. OS: macOS 14. Please help.,The Load Balancer has been data sync failure between systems for the past few hours. OS: macOS 14. Please help.,Incident,Load Balancer,Incident,Low,In Progress,,,[],1.0,"Title: [Incident] Load Balancer - data sync failure between systems
Description: The Load Balancer has been data sync failure between systems for the past few hours. OS: macOS 14. Please help.
Category: Incident
Component: Load Balancer
Severity: Low",synthetic,U-000457
ITS-00459,Load Balancer problem: disk space critical on production server,Load Balancer problem: disk space critical on production server,Urgent: Load Balancer - disk space critical on production server. Multiple users reporting similar issues. Environment is Chrome OS.,Urgent: Load Balancer - disk space critical on production server. Multiple users reporting similar issues. Environment is Chrome OS.,Incident,Load Balancer,Incident,Low,Resolved,Renewed SSL certificate and redeployed. Verified with user that issue is fixed.,Renewed SSL certificate and redeployed. Verified with user that issue is fixed.,[],1.0,"Title: Load Balancer problem: disk space critical on production server
Description: Urgent: Load Balancer - disk space critical on production server. Multiple users reporting similar issues. Environment is Chrome OS.
Category: Incident
Component: Load Balancer
Severity: Low",synthetic,U-000458
ITS-00460,[Incident] Load Balancer - SSL certificate expired,[Incident] Load Balancer - SSL certificate expired,"Hi, I need help. Load Balancer keeps SSL certificate expired. Started yesterday. I'm on Chrome OS.","Hi, I need help. Load Balancer keeps SSL certificate expired. Started yesterday. I'm on Chrome OS.",Incident,Load Balancer,Incident,Medium,In Progress,,,[],1.0,"Title: [Incident] Load Balancer - SSL certificate expired
Description: Hi, I need help. Load Balancer keeps SSL certificate expired. Started yesterday. I'm on Chrome OS.
Category: Incident
Component: Load Balancer
Severity: Medium",synthetic,U-000459
ITS-00461,[Hardware] Docking Station - cracked screen,[Hardware] Docking Station - cracked screen,My Docking Station is cracked screen. I've been experiencing this since this morning. Environment: Chrome OS.,My Docking Station is cracked screen. I've been experiencing this since this morning. Environment: Chrome OS.,Hardware,Docking Station,Question,Medium,Resolved,Performed hardware diagnostic. Verified with user that issue is fixed.,Performed hardware diagnostic. Verified with user that issue is fixed.,[],1.0,"Title: [Hardware] Docking Station - cracked screen
Description: My Docking Station is cracked screen. I've been experiencing this since this morning. Environment: Chrome OS.
Category: Hardware
Component: Docking Station
Severity: Medium",synthetic,U-000460
ITS-00462,[Network] Proxy - cannot access internal resources,[Network] Proxy - cannot access internal resources,My Proxy is cannot access internal resources. I've been experiencing this since this morning. Environment: Ubuntu 22.04.,My Proxy is cannot access internal resources. I've been experiencing this since this morning. Environment: Ubuntu 22.04.,Network,Proxy,Question,Medium,In Progress,,,[],1.0,"Title: [Network] Proxy - cannot access internal resources
Description: My Proxy is cannot access internal resources. I've been experiencing this since this morning. Environment: Ubuntu 22.04.
Category: Network
Component: Proxy
Severity: Medium",synthetic,U-000461
ITS-00463,[Incident] Web App - backup job failed overnight,[Incident] Web App - backup job failed overnight,The Web App has been backup job failed overnight for the past few hours. OS: Windows 11. Please help.,The Web App has been backup job failed overnight for the past few hours. OS: Windows 11. Please help.,Incident,Web App,Incident,Medium,Closed,Scaled up server resources. Verified with user that issue is fixed.,Scaled up server resources. Verified with user that issue is fixed.,[],1.0,"Title: [Incident] Web App - backup job failed overnight
Description: The Web App has been backup job failed overnight for the past few hours. OS: Windows 11. Please help.
Category: Incident
Component: Web App
Severity: Medium",synthetic,U-000462
ITS-00464,Load Balancer problem: scheduled maintenance overran window,Load Balancer problem: scheduled maintenance overran window,Issue with Load Balancer: scheduled maintenance overran window. This is affecting my work. Running on Ubuntu 22.04.,Issue with Load Balancer: scheduled maintenance overran window. This is affecting my work. Running on Ubuntu 22.04.,Incident,Load Balancer,Incident,Medium,Open,,,[],1.0,"Title: Load Balancer problem: scheduled maintenance overran window
Description: Issue with Load Balancer: scheduled maintenance overran window. This is affecting my work. Running on Ubuntu 22.04.
Category: Incident
Component: Load Balancer
Severity: Medium",synthetic,U-000463
ITS-00465,SSO account deactivation request,SSO account deactivation request,The SSO has been account deactivation request for the past few hours. OS: Ubuntu 22.04. Please help.,The SSO has been account deactivation request for the past few hours. OS: Ubuntu 22.04. Please help.,Account,SSO,Service Request,Medium,Closed,Granted appropriate permissions. Verified with user that issue is fixed.,Granted appropriate permissions. Verified with user that issue is fixed.,[],1.0,"Title: SSO account deactivation request
Description: The SSO has been account deactivation request for the past few hours. OS: Ubuntu 22.04. Please help.
Category: Account
Component: SSO
Severity: Medium",synthetic,U-000464
ITS-00466,Active Directory new hire needs account setup,Active Directory new hire needs account setup,My Active Directory is new hire needs account setup. I've been experiencing this since this morning. Environment: Ubuntu 22.04.,My Active Directory is new hire needs account setup. I've been experiencing this since this morning. Environment: Ubuntu 22.04.,Account,Active Directory,Bug,Medium,Open,,,[],1.0,"Title: Active Directory new hire needs account setup
Description: My Active Directory is new hire needs account setup. I've been experiencing this since this morning. Environment: Ubuntu 22.04.
Category: Account
Component: Active Directory
Severity: Medium",synthetic,U-000465
ITS-00467,VPN problem: cannot connect to WiFi,VPN problem: cannot connect to WiFi,"Hi, I need help. VPN keeps cannot connect to WiFi. Started yesterday. I'm on macOS 14.","Hi, I need help. VPN keeps cannot connect to WiFi. Started yesterday. I'm on macOS 14.",Network,VPN,Question,Medium,Closed,Assigned static IP. Verified with user that issue is fixed.,Assigned static IP. Verified with user that issue is fixed.,[],1.0,"Title: VPN problem: cannot connect to WiFi
Description: Hi, I need help. VPN keeps cannot connect to WiFi. Started yesterday. I'm on macOS 14.
Category: Network
Component: VPN
Severity: Medium",synthetic,U-000466
ITS-00468,Teams not responding,Teams not responding,"Hi, I need help. Teams keeps not responding. Started yesterday. I'm on Chrome OS.","Hi, I need help. Teams keeps not responding. Started yesterday. I'm on Chrome OS.",Software,Teams,Question,Low,In Progress,,,[],1.0,"Title: Teams not responding
Description: Hi, I need help. Teams keeps not responding. Started yesterday. I'm on Chrome OS.
Category: Software
Component: Teams
Severity: Low",synthetic,U-000467
ITS-00469,Antivirus plugin not working,Antivirus plugin not working,Urgent: Antivirus - plugin not working. Multiple users reporting similar issues. Environment is Windows 10.,Urgent: Antivirus - plugin not working. Multiple users reporting similar issues. Environment is Windows 10.,Software,Antivirus,Question,Medium,In Progress,,,[],1.0,"Title: Antivirus plugin not working
Description: Urgent: Antivirus - plugin not working. Multiple users reporting similar issues. Environment is Windows 10.
Category: Software
Component: Antivirus
Severity: Medium",synthetic,U-000468
ITS-00470,Monitor problem: fan making loud noise,Monitor problem: fan making loud noise,"Hi, I need help. Monitor keeps fan making loud noise. Started yesterday. I'm on Windows 10.","Hi, I need help. Monitor keeps fan making loud noise. Started yesterday. I'm on Windows 10.",Hardware,Monitor,Service Request,Medium,In Progress,,,[],1.0,"Title: Monitor problem: fan making loud noise
Description: Hi, I need help. Monitor keeps fan making loud noise. Started yesterday. I'm on Windows 10.
Category: Hardware
Component: Monitor
Severity: Medium",synthetic,U-000469
ITS-00471,Database problem: scheduled maintenance overran window,Database problem: scheduled maintenance overran window,The Database has been scheduled maintenance overran window for the past few hours. OS: macOS 14. Please help.,The Database has been scheduled maintenance overran window for the past few hours. OS: macOS 14. Please help.,Incident,Database,Incident,High,In Progress,,,[],1.0,"Title: Database problem: scheduled maintenance overran window
Description: The Database has been scheduled maintenance overran window for the past few hours. OS: macOS 14. Please help.
Category: Incident
Component: Database
Severity: High",synthetic,U-000470
ITS-00472,[Hardware] Desktop - blue screen of death,[Hardware] Desktop - blue screen of death,Urgent: Desktop - blue screen of death. Multiple users reporting similar issues. Environment is Ubuntu 22.04.,Urgent: Desktop - blue screen of death. Multiple users reporting similar issues. Environment is Ubuntu 22.04.,Hardware,Desktop,Bug,Medium,In Progress,,,[],1.0,"Title: [Hardware] Desktop - blue screen of death
Description: Urgent: Desktop - blue screen of death. Multiple users reporting similar issues. Environment is Ubuntu 22.04.
Category: Hardware
Component: Desktop
Severity: Medium",synthetic,U-000471
ITS-00473,[Software] Teams - not syncing properly,[Software] Teams - not syncing properly,Urgent: Teams - not syncing properly. Multiple users reporting similar issues. Environment is macOS 14.,Urgent: Teams - not syncing properly. Multiple users reporting similar issues. Environment is macOS 14.,Software,Teams,Bug,Medium,In Progress,,,[],1.0,"Title: [Software] Teams - not syncing properly
Description: Urgent: Teams - not syncing properly. Multiple users reporting similar issues. Environment is macOS 14.
Category: Software
Component: Teams
Severity: Medium",synthetic,U-000472
ITS-00474,[Software] VPN - compatibility issue,[Software] VPN - compatibility issue,Issue with VPN: compatibility issue. This is affecting my work. Running on macOS 14.,Issue with VPN: compatibility issue. This is affecting my work. Running on macOS 14.,Software,VPN,Service Request,Medium,Open,,,[],1.0,"Title: [Software] VPN - compatibility issue
Description: Issue with VPN: compatibility issue. This is affecting my work. Running on macOS 14.
Category: Software
Component: VPN
Severity: Medium",synthetic,U-000473
ITS-00475,[Account] SSO - SSO login loop,[Account] SSO - SSO login loop,Urgent: SSO - SSO login loop. Multiple users reporting similar issues. Environment is macOS 14.,Urgent: SSO - SSO login loop. Multiple users reporting similar issues. Environment is macOS 14.,Account,SSO,Service Request,Medium,Open,,,[],1.0,"Title: [Account] SSO - SSO login loop
Description: Urgent: SSO - SSO login loop. Multiple users reporting similar issues. Environment is macOS 14.
Category: Account
Component: SSO
Severity: Medium",synthetic,U-000474
ITS-00476,Active Directory account locked out,Active Directory account locked out,My Active Directory is account locked out. I've been experiencing this since this morning. Environment: Windows 11.,My Active Directory is account locked out. I've been experiencing this since this morning. Environment: Windows 11.,Account,Active Directory,Bug,High,In Progress,,,[],1.0,"Title: Active Directory account locked out
Description: My Active Directory is account locked out. I've been experiencing this since this morning. Environment: Windows 11.
Category: Account
Component: Active Directory
Severity: High",synthetic,U-000475
ITS-00477,Windows problem: memory leak causing slowdown,Windows problem: memory leak causing slowdown,Urgent: Windows - memory leak causing slowdown. Multiple users reporting similar issues. Environment is macOS 14.,Urgent: Windows - memory leak causing slowdown. Multiple users reporting similar issues. Environment is macOS 14.,Software,Windows,Bug,High,In Progress,,,[],1.0,"Title: Windows problem: memory leak causing slowdown
Description: Urgent: Windows - memory leak causing slowdown. Multiple users reporting similar issues. Environment is macOS 14.
Category: Software
Component: Windows
Severity: High",synthetic,U-000476
ITS-00478,Desktop problem: screen flickering,Desktop problem: screen flickering,Issue with Desktop: screen flickering. This is affecting my work. Running on macOS 14.,Issue with Desktop: screen flickering. This is affecting my work. Running on macOS 14.,Hardware,Desktop,Bug,Critical,Closed,Replaced battery. Verified with user that issue is fixed.,Replaced battery. Verified with user that issue is fixed.,[],1.0,"Title: Desktop problem: screen flickering
Description: Issue with Desktop: screen flickering. This is affecting my work. Running on macOS 14.
Category: Hardware
Component: Desktop
Severity: Critical",synthetic,U-000477
ITS-00479,VPN problem: IP conflict,VPN problem: IP conflict,The VPN has been IP conflict for the past few hours. OS: Chrome OS. Please help.,The VPN has been IP conflict for the past few hours. OS: Chrome OS. Please help.,Network,VPN,Bug,Medium,Closed,Replaced network cable. Verified with user that issue is fixed.,Replaced network cable. Verified with user that issue is fixed.,[],1.0,"Title: VPN problem: IP conflict
Description: The VPN has been IP conflict for the past few hours. OS: Chrome OS. Please help.
Category: Network
Component: VPN
Severity: Medium",synthetic,U-000478
ITS-00480,Ethernet DNS resolution failure,Ethernet DNS resolution failure,My Ethernet is DNS resolution failure. I've been experiencing this since this morning. Environment: Chrome OS.,My Ethernet is DNS resolution failure. I've been experiencing this since this morning. Environment: Chrome OS.,Network,Ethernet,Service Request,Medium,Open,,,[],1.0,"Title: Ethernet DNS resolution failure
Description: My Ethernet is DNS resolution failure. I've been experiencing this since this morning. Environment: Chrome OS.
Category: Network
Component: Ethernet
Severity: Medium",synthetic,U-000479
ITS-00481,Windows problem: plugin not working,Windows problem: plugin not working,Issue with Windows: plugin not working. This is affecting my work. Running on Chrome OS.,Issue with Windows: plugin not working. This is affecting my work. Running on Chrome OS.,Software,Windows,Question,Medium,Resolved,Reinstalled application. Verified with user that issue is fixed.,Reinstalled application. Verified with user that issue is fixed.,[],1.0,"Title: Windows problem: plugin not working
Description: Issue with Windows: plugin not working. This is affecting my work. Running on Chrome OS.
Category: Software
Component: Windows
Severity: Medium",synthetic,U-000480
ITS-00482,Email Server degraded performance across region,Email Server degraded performance across region,"Hi, I need help. Email Server keeps degraded performance across region. Started yesterday. I'm on Ubuntu 22.04.","Hi, I need help. Email Server keeps degraded performance across region. Started yesterday. I'm on Ubuntu 22.04.",Incident,Email Server,Incident,Low,In Progress,,,[],1.0,"Title: Email Server degraded performance across region
Description: Hi, I need help. Email Server keeps degraded performance across region. Started yesterday. I'm on Ubuntu 22.04.
Category: Incident
Component: Email Server
Severity: Low",synthetic,U-000481
ITS-00483,[Hardware] Docking Station - keyboard keys stuck,[Hardware] Docking Station - keyboard keys stuck,Issue with Docking Station: keyboard keys stuck. This is affecting my work. Running on Ubuntu 22.04.,Issue with Docking Station: keyboard keys stuck. This is affecting my work. Running on Ubuntu 22.04.,Hardware,Docking Station,Bug,Medium,Closed,Replaced battery. Verified with user that issue is fixed.,Replaced battery. Verified with user that issue is fixed.,[],1.0,"Title: [Hardware] Docking Station - keyboard keys stuck
Description: Issue with Docking Station: keyboard keys stuck. This is affecting my work. Running on Ubuntu 22.04.
Category: Hardware
Component: Docking Station
Severity: Medium",synthetic,U-000482
ITS-00484,[Account] MFA - MFA not working,[Account] MFA - MFA not working,Urgent: MFA - MFA not working. Multiple users reporting similar issues. Environment is Chrome OS.,Urgent: MFA - MFA not working. Multiple users reporting similar issues. Environment is Chrome OS.,Account,MFA,Question,Medium,Resolved,Updated group memberships. Verified with user that issue is fixed.,Updated group memberships. Verified with user that issue is fixed.,[],1.0,"Title: [Account] MFA - MFA not working
Description: Urgent: MFA - MFA not working. Multiple users reporting similar issues. Environment is Chrome OS.
Category: Account
Component: MFA
Severity: Medium",synthetic,U-000483
ITS-00485,Database service outage affecting all users,Database service outage affecting all users,The Database has been service outage affecting all users for the past few hours. OS: macOS 14. Please help.,The Database has been service outage affecting all users for the past few hours. OS: macOS 14. Please help.,Incident,Database,Incident,Medium,In Progress,,,[],1.0,"Title: Database service outage affecting all users
Description: The Database has been service outage affecting all users for the past few hours. OS: macOS 14. Please help.
Category: Incident
Component: Database
Severity: Medium",synthetic,U-000484
ITS-00486,Mouse problem: slow performance,Mouse problem: slow performance,Issue with Mouse: slow performance. This is affecting my work. Running on Chrome OS.,Issue with Mouse: slow performance. This is affecting my work. Running on Chrome OS.,Hardware,Mouse,Bug,Low,In Progress,,,[],1.0,"Title: Mouse problem: slow performance
Description: Issue with Mouse: slow performance. This is affecting my work. Running on Chrome OS.
Category: Hardware
Component: Mouse
Severity: Low",synthetic,U-000485
ITS-00487,SAP problem: update failed,SAP problem: update failed,"Hi, I need help. SAP keeps update failed. Started yesterday. I'm on Chrome OS.","Hi, I need help. SAP keeps update failed. Started yesterday. I'm on Chrome OS.",Software,SAP,Bug,Medium,Closed,Rolled back to previous version. Verified with user that issue is fixed.,Rolled back to previous version. Verified with user that issue is fixed.,[],1.0,"Title: SAP problem: update failed
Description: Hi, I need help. SAP keeps update failed. Started yesterday. I'm on Chrome OS.
Category: Software
Component: SAP
Severity: Medium",synthetic,U-000486
ITS-00488,Email Server problem: backup job failed overnight,Email Server problem: backup job failed overnight,Urgent: Email Server - backup job failed overnight. Multiple users reporting similar issues. Environment is Windows 11.,Urgent: Email Server - backup job failed overnight. Multiple users reporting similar issues. Environment is Windows 11.,Incident,Email Server,Incident,Low,Resolved,Scaled up server resources. Verified with user that issue is fixed.,Scaled up server resources. Verified with user that issue is fixed.,[],1.0,"Title: Email Server problem: backup job failed overnight
Description: Urgent: Email Server - backup job failed overnight. Multiple users reporting similar issues. Environment is Windows 11.
Category: Incident
Component: Email Server
Severity: Low",synthetic,U-000487
ITS-00489,Salesforce problem: not responding,Salesforce problem: not responding,Issue with Salesforce: not responding. This is affecting my work. Running on Windows 10.,Issue with Salesforce: not responding. This is affecting my work. Running on Windows 10.,Software,Salesforce,Bug,Low,Open,,,[],1.0,"Title: Salesforce problem: not responding
Description: Issue with Salesforce: not responding. This is affecting my work. Running on Windows 10.
Category: Software
Component: Salesforce
Severity: Low",synthetic,U-000488
ITS-00490,Windows problem: crashing on startup,Windows problem: crashing on startup,Urgent: Windows - crashing on startup. Multiple users reporting similar issues. Environment is Ubuntu 22.04.,Urgent: Windows - crashing on startup. Multiple users reporting similar issues. Environment is Ubuntu 22.04.,Software,Windows,Bug,Low,Resolved,Rolled back to previous version. Verified with user that issue is fixed.,Rolled back to previous version. Verified with user that issue is fixed.,[],1.0,"Title: Windows problem: crashing on startup
Description: Urgent: Windows - crashing on startup. Multiple users reporting similar issues. Environment is Ubuntu 22.04.
Category: Software
Component: Windows
Severity: Low",synthetic,U-000489
ITS-00491,Office 365 problem: not responding,Office 365 problem: not responding,My Office 365 is not responding. I've been experiencing this since this morning. Environment: macOS 14.,My Office 365 is not responding. I've been experiencing this since this morning. Environment: macOS 14.,Software,Office 365,Service Request,Low,In Progress,,,"[""365""]",1.0,"Title: Office 365 problem: not responding
Description: My Office 365 is not responding. I've been experiencing this since this morning. Environment: macOS 14.
Category: Software
Component: Office 365
Severity: Low",synthetic,U-000490
ITS-00492,Ethernet problem: cannot reach specific websites,Ethernet problem: cannot reach specific websites,"Hi, I need help. Ethernet keeps cannot reach specific websites. Started yesterday. I'm on Ubuntu 22.04.","Hi, I need help. Ethernet keeps cannot reach specific websites. Started yesterday. I'm on Ubuntu 22.04.",Network,Ethernet,Bug,Medium,In Progress,,,[],1.0,"Title: Ethernet problem: cannot reach specific websites
Description: Hi, I need help. Ethernet keeps cannot reach specific websites. Started yesterday. I'm on Ubuntu 22.04.
Category: Network
Component: Ethernet
Severity: Medium",synthetic,U-000491
ITS-00493,Web App data sync failure between systems,Web App data sync failure between systems,"Hi, I need help. Web App keeps data sync failure between systems. Started yesterday. I'm on Windows 10.","Hi, I need help. Web App keeps data sync failure between systems. Started yesterday. I'm on Windows 10.",Incident,Web App,Incident,Medium,In Progress,,,[],1.0,"Title: Web App data sync failure between systems
Description: Hi, I need help. Web App keeps data sync failure between systems. Started yesterday. I'm on Windows 10.
Category: Incident
Component: Web App
Severity: Medium",synthetic,U-000492
ITS-00494,Active Directory account deactivation request,Active Directory account deactivation request,Issue with Active Directory: account deactivation request. This is affecting my work. Running on Ubuntu 22.04.,Issue with Active Directory: account deactivation request. This is affecting my work. Running on Ubuntu 22.04.,Account,Active Directory,Bug,Medium,In Progress,,,[],1.0,"Title: Active Directory account deactivation request
Description: Issue with Active Directory: account deactivation request. This is affecting my work. Running on Ubuntu 22.04.
Category: Account
Component: Active Directory
Severity: Medium",synthetic,U-000493
ITS-00495,[Software] Windows - license expired,[Software] Windows - license expired,My Windows is license expired. I've been experiencing this since this morning. Environment: Chrome OS.,My Windows is license expired. I've been experiencing this since this morning. Environment: Chrome OS.,Software,Windows,Question,Medium,Closed,Renewed license through admin portal. Verified with user that issue is fixed.,Renewed license through admin portal. Verified with user that issue is fixed.,[],1.0,"Title: [Software] Windows - license expired
Description: My Windows is license expired. I've been experiencing this since this morning. Environment: Chrome OS.
Category: Software
Component: Windows
Severity: Medium",synthetic,U-000494
ITS-00496,Proxy slow internet speed,Proxy slow internet speed,Urgent: Proxy - slow internet speed. Multiple users reporting similar issues. Environment is Ubuntu 22.04.,Urgent: Proxy - slow internet speed. Multiple users reporting similar issues. Environment is Ubuntu 22.04.,Network,Proxy,Bug,High,Resolved,Updated WiFi driver. Verified with user that issue is fixed.,Updated WiFi driver. Verified with user that issue is fixed.,[],1.0,"Title: Proxy slow internet speed
Description: Urgent: Proxy - slow internet speed. Multiple users reporting similar issues. Environment is Ubuntu 22.04.
Category: Network
Component: Proxy
Severity: High",synthetic,U-000495
ITS-00497,Proxy problem: cannot reach specific websites,Proxy problem: cannot reach specific websites,Urgent: Proxy - cannot reach specific websites. Multiple users reporting similar issues. Environment is macOS 14.,Urgent: Proxy - cannot reach specific websites. Multiple users reporting similar issues. Environment is macOS 14.,Network,Proxy,Service Request,High,Closed,Updated WiFi driver. Verified with user that issue is fixed.,Updated WiFi driver. Verified with user that issue is fixed.,[],1.0,"Title: Proxy problem: cannot reach specific websites
Description: Urgent: Proxy - cannot reach specific websites. Multiple users reporting similar issues. Environment is macOS 14.
Category: Network
Component: Proxy
Severity: High",synthetic,U-000496
ITS-00498,VPN not responding,VPN not responding,Issue with VPN: not responding. This is affecting my work. Running on Windows 10.,Issue with VPN: not responding. This is affecting my work. Running on Windows 10.,Software,VPN,Bug,High,Closed,Reset user profile. Verified with user that issue is fixed.,Reset user profile. Verified with user that issue is fixed.,[],1.0,"Title: VPN not responding
Description: Issue with VPN: not responding. This is affecting my work. Running on Windows 10.
Category: Software
Component: VPN
Severity: High",synthetic,U-000497
ITS-00499,WiFi problem: proxy authentication error,WiFi problem: proxy authentication error,Issue with WiFi: proxy authentication error. This is affecting my work. Running on Windows 10.,Issue with WiFi: proxy authentication error. This is affecting my work. Running on Windows 10.,Network,WiFi,Question,Medium,Closed,Flushed DNS cache. Verified with user that issue is fixed.,Flushed DNS cache. Verified with user that issue is fixed.,[],1.0,"Title: WiFi problem: proxy authentication error
Description: Issue with WiFi: proxy authentication error. This is affecting my work. Running on Windows 10.
Category: Network
Component: WiFi
Severity: Medium",synthetic,U-000498
ITS-00500,[Account] SSO - SSO login loop,[Account] SSO - SSO login loop,My SSO is SSO login loop. I've been experiencing this since this morning. Environment: Chrome OS.,My SSO is SSO login loop. I've been experiencing this since this morning. Environment: Chrome OS.,Account,SSO,Bug,Medium,Closed,Unlocked account in AD. Verified with user that issue is fixed.,Unlocked account in AD. Verified with user that issue is fixed.,[],1.0,"Title: [Account] SSO - SSO login loop
Description: My SSO is SSO login loop. I've been experiencing this since this morning. Environment: Chrome OS.
Category: Account
Component: SSO
Severity: Medium",synthetic,U-000499
ADMIN-5,Outlook calendar not syncing with Teams meetings after Office 365 update. Meetings show as declined in Outlook but accepted in Teams.,Outlook calendar not syncing with Teams meetings after Office 365 update. Meetings show as declined in Outlook but accepted in Teams.,Outlook calendar not syncing with Teams meetings after Office 365 update. Meetings show as declined in Outlook but accepted in Teams.,Outlook calendar not syncing with Teams meetings after Office 365 update. Meetings show as declined in Outlook but accepted in Teams.,IT Support,Applications & Data Services,Admin,Medium,resolved,"Clear the Teams and Outlook cache, sign out of both apps, then sign back in. Run Microsoft Support Recovery Assistant (SaRA) to repair the Office 365 OAuth token.","Clear the Teams and Outlook cache, sign out of both apps, then sign back in. Run Microsoft Support Recovery Assistant (SaRA) to repair the Office 365 OAuth token.",[],1.0,"Title: Outlook calendar not syncing with Teams meetings after Office 365 update. Meetings show as declined in Outlook but accepted in Teams.
Description: Outlook calendar not syncing with Teams meetings after Office 365 update. Meetings show as declined in Outlook but accepted in Teams.
Category: IT Support
Component: Applications & Data Services
Severity: Medium
Resolution: Clear the Teams and Outlook cache, sign out of both apps, then sign back in. Run Microsoft Support Recovery Assistant (SaRA) to repair the Office 365 OAuth token.",admin,ADMIN-5
ADMIN-6,Outlook calendar not syncing with Teams meetings after Office 365 update. Meetings show as declined in Outlook but accepted in Teams.,Outlook calendar not syncing with Teams meetings after Office 365 update. Meetings show as declined in Outlook but accepted in Teams.,Outlook calendar not syncing with Teams meetings after Office 365 update. Meetings show as declined in Outlook but accepted in Teams.,Outlook calendar not syncing with Teams meetings after Office 365 update. Meetings show as declined in Outlook but accepted in Teams.,IT Support,IT Infrastructure & Platform,Admin,Medium,resolved,Update the Outlook to the latest version,Update the Outlook to the latest version,[],1.0,"Title: Outlook calendar not syncing with Teams meetings after Office 365 update. Meetings show as declined in Outlook but accepted in Teams.
Description: Outlook calendar not syncing with Teams meetings after Office 365 update. Meetings show as declined in Outlook but accepted in Teams.
Category: IT Support
Component: IT Infrastructure & Platform
Severity: Medium
Resolution: Update the Outlook to the latest version",admin,ADMIN-6
ADMIN-7,Laptop screen flickers when running on battery on Dell XPS laptops running Windows 11,Laptop screen flickers when running on battery on Dell XPS laptops running Windows 11,Laptop screen flickers when running on battery on Dell XPS laptops running Windows 11,Laptop screen flickers when running on battery on Dell XPS laptops running Windows 11,IT Support,End-User & Desktop Support,Admin,Medium,resolved,Update the Intel graphics driver to version 31.0.101.4953 and disable Panel Self Refresh in power settings.,Update the Intel graphics driver to version 31.0.101.4953 and disable Panel Self Refresh in power settings.,[],1.0,"Title: Laptop screen flickers when running on battery on Dell XPS laptops running Windows 11
Description: Laptop screen flickers when running on battery on Dell XPS laptops running Windows 11
Category: IT Support
Component: End-User & Desktop Support
Severity: Medium
Resolution: Update the Intel graphics driver to version 31.0.101.4953 and disable Panel Self Refresh in power settings.",admin,ADMIN-7
